,window,time_step,name_dataset,name_model,time,num_params,RMSE,MAPE,SMAPE,MAE,R2,NRMSE,FB
0,0,Global_active_power (t+5),HPC6,TCN,24.36,35046,347.8535461425781,62.61892914772034,27.708354592323303,274.8002014160156,-0.2980015260964506,46.97821401046024,0.3517966800933172
1,0,Global_active_power (t+10),HPC6,TCN,24.36,35046,376.4981384277344,65.66835641860962,28.67022156715393,297.23443603515625,-0.29749979601408283,50.205063198417804,0.3635446840348852
2,0,Global_active_power (t+15),HPC6,TCN,24.36,35046,345.7947998046875,63.15521597862244,27.508556842803955,282.24114990234375,-0.2824120123250047,43.80554073592973,0.3264079066598192
3,0,Global_active_power (t+20),HPC6,TCN,24.36,35046,340.7720947265625,61.50695085525513,27.290555834770203,278.8438720703125,-0.25945058559186984,44.62569537694226,0.313114057675206
4,0,Global_active_power (t+25),HPC6,TCN,24.36,35046,331.9368591308594,64.38849568367004,27.40296721458435,269.74298095703125,-0.21486629421483183,43.68270829484574,0.2918082566810194
5,0,Global_active_power (t+30),HPC6,TCN,24.36,35046,339.09771728515625,65.35930633544922,28.172585368156433,276.5363464355469,-0.25268048006932564,45.35346674884387,0.3188375236197689
6,1,Global_active_power (t+5),HPC6,TCN,12.92,35046,347.50213623046875,58.93616080284119,31.25024139881134,276.41973876953125,-0.5285429409399667,180.35304179799485,0.5104943635249845
7,1,Global_active_power (t+10),HPC6,TCN,12.92,35046,355.34735107421875,54.13499474525452,31.54151141643524,278.6114196777344,-0.7178747605542426,207.0526877322759,0.5913056165721342
8,1,Global_active_power (t+15),HPC6,TCN,12.92,35046,358.0655517578125,56.346505880355835,32.401302456855774,282.6134338378906,-0.7145354886159807,208.25879053586326,0.5973869076456919
9,1,Global_active_power (t+20),HPC6,TCN,12.92,35046,356.2991943359375,57.48860239982605,30.35895526409149,275.1439208984375,-0.5049390120371486,201.17189330760218,0.5081005416015303
10,1,Global_active_power (t+25),HPC6,TCN,12.92,35046,349.7292175292969,54.6819269657135,29.654544591903687,265.69189453125,-0.5259452720383317,196.15101670546352,0.5176176652486121
11,1,Global_active_power (t+30),HPC6,TCN,12.92,35046,341.72247314453125,55.12220859527588,28.986623883247375,260.1041259765625,-0.44643670885804276,169.88139090329824,0.47417553926596323
12,2,Global_active_power (t+5),HPC6,TCN,14.17,35046,207.24456787109375,75.59331059455872,27.72846817970276,172.7384490966797,-0.03589169922744517,51.15970197602851,0.11805538141601069
13,2,Global_active_power (t+10),HPC6,TCN,14.17,35046,202.53843688964844,78.01334261894226,26.76583230495453,166.537109375,-0.0074811022196097365,47.82644053384065,0.0643308407916639
14,2,Global_active_power (t+15),HPC6,TCN,14.17,35046,203.24339294433594,80.46931028366089,26.800957322120667,167.0967254638672,-0.009888170217200232,48.30374977334542,0.04748436100271081
15,2,Global_active_power (t+20),HPC6,TCN,14.17,35046,217.59693908691406,72.11423516273499,27.56030261516571,175.02523803710938,-0.07960123865419555,55.632233726310204,0.19006964791666187
16,2,Global_active_power (t+25),HPC6,TCN,14.17,35046,220.34518432617188,75.14362335205078,27.099934220314026,175.7786102294922,-0.04683498451387047,52.65044189709486,0.1381371849039876
17,2,Global_active_power (t+30),HPC6,TCN,14.17,35046,226.06988525390625,69.72311735153198,28.492948412895203,181.0522918701172,-0.13287053904336132,63.082107091763746,0.25126385463612344
18,3,Global_active_power (t+5),HPC6,TCN,16.68,35046,196.63136291503906,105.10914325714111,30.456656217575073,154.04258728027344,-0.01853822631632207,53.40818212713754,-0.09991975869657546
19,3,Global_active_power (t+10),HPC6,TCN,16.68,35046,199.5219268798828,104.71459627151489,31.73939287662506,158.02017211914062,-0.002521805710686831,61.46350509067321,-0.03666490419707817
20,3,Global_active_power (t+15),HPC6,TCN,16.68,35046,202.9788360595703,94.54110264778137,31.18460476398468,159.50173950195312,-0.0005130608848453733,59.68315805531128,0.0335308614232559
21,3,Global_active_power (t+20),HPC6,TCN,16.68,35046,207.48529052734375,102.33604907989502,31.33127987384796,163.8904266357422,-0.001517391371915977,59.00984238300236,-0.020300245607717364
22,3,Global_active_power (t+25),HPC6,TCN,16.68,35046,192.60964965820312,100.73463916778564,30.24810254573822,152.5838165283203,-0.003523751517230833,53.47403158572542,-0.0617548918874426
23,3,Global_active_power (t+30),HPC6,TCN,16.68,35046,177.46954345703125,99.11451935768127,29.429426789283752,142.20986938476562,-0.05058671191734554,50.92136740162169,-0.14895892971018904
24,4,Global_active_power (t+5),HPC6,TCN,12.68,35046,157.00001525878906,67.08367466926575,25.987574458122253,124.28252410888672,-0.03180790994600313,145.3721919240442,0.11776232085572684
25,4,Global_active_power (t+10),HPC6,TCN,12.68,35046,165.63636779785156,58.96522402763367,24.810869991779327,127.7943344116211,-0.09197790572751385,162.03885596572675,0.19547355583642953
26,4,Global_active_power (t+15),HPC6,TCN,12.68,35046,173.4427947998047,58.438241481781006,26.04888379573822,134.88082885742188,-0.15506725906553753,169.05745433993692,0.261544018960849
27,4,Global_active_power (t+20),HPC6,TCN,12.68,35046,173.4333953857422,56.94710612297058,25.57768225669861,133.53305053710938,-0.14451061030489876,179.68747134613864,0.25114489381264116
28,4,Global_active_power (t+25),HPC6,TCN,12.68,35046,177.24307250976562,58.57312083244324,26.16841495037079,137.1697235107422,-0.14591750534992354,164.4319526627219,0.2585843266413386
29,4,Global_active_power (t+30),HPC6,TCN,12.68,35046,180.03733825683594,72.0405101776123,28.987523913383484,142.0568389892578,-0.08807086771764672,210.16221367247337,0.21711145826103442
30,5,Global_active_power (t+5),HPC6,TCN,11.44,35046,246.1937255859375,60.99371314048767,29.28515374660492,188.3460235595703,-0.2847275584622131,93.55641373551822,0.39506610638622225
31,5,Global_active_power (t+10),HPC6,TCN,11.44,35046,256.75677490234375,60.94670295715332,29.663679003715515,197.2743377685547,-0.31291624386162864,95.24969998867881,0.41276343788031283
32,5,Global_active_power (t+15),HPC6,TCN,11.44,35046,258.400146484375,62.526047229766846,29.709392786026,200.57142639160156,-0.28892999906979133,90.92745997143501,0.3950273807377698
33,5,Global_active_power (t+20),HPC6,TCN,11.44,35046,260.23858642578125,61.360543966293335,30.227303504943848,205.00404357910156,-0.3703083101963349,96.17605494809142,0.43358100668652294
34,5,Global_active_power (t+25),HPC6,TCN,11.44,35046,276.8192443847656,62.9481315612793,31.779184937477112,222.54331970214844,-0.4469380245425816,102.40943166166143,0.4799851779350709
35,5,Global_active_power (t+30),HPC6,TCN,11.44,35046,271.97418212890625,58.895695209503174,30.325934290885925,216.39297485351562,-0.4313750541004411,100.23957483901808,0.4586956154224725
36,6,Global_active_power (t+5),HPC6,TCN,12.12,35046,290.2091064453125,74.50424432754517,31.621986627578735,237.52108764648438,-0.16184199030402935,108.81264160010984,0.2964694476957286
37,6,Global_active_power (t+10),HPC6,TCN,12.12,35046,291.96759033203125,70.83298563957214,31.04107677936554,239.7522735595703,-0.21439651830642426,116.29867256637168,0.3274462025924961
38,6,Global_active_power (t+15),HPC6,TCN,12.12,35046,320.97021484375,66.71939492225647,32.895538210868835,263.3785705566406,-0.3908079940298079,123.65153189588281,0.45181115218076284
39,6,Global_active_power (t+20),HPC6,TCN,12.12,35046,349.4368591308594,60.75446009635925,32.65802264213562,283.3208312988281,-0.5596431583264785,149.27187516295564,0.5240542094790096
40,6,Global_active_power (t+25),HPC6,TCN,12.12,35046,353.1524353027344,59.67535972595215,32.71606266498566,287.2591247558594,-0.6244756371756006,136.47791628828531,0.5435066759386776
41,6,Global_active_power (t+30),HPC6,TCN,12.12,35046,350.9545593261719,61.7594838142395,32.762596011161804,287.3390197753906,-0.5511265102739766,136.2746210999064,0.5146435334506916
42,7,Global_active_power (t+5),HPC6,TCN,12.25,35046,378.0699462890625,66.5094792842865,30.21414875984192,318.57421875,-0.39009211589565274,60.79844919392438,0.3873337412469197
43,7,Global_active_power (t+10),HPC6,TCN,12.25,35046,391.9792785644531,63.11485171318054,31.50222599506378,332.6703796386719,-0.595316773246777,69.19082402753762,0.47104915839720435
44,7,Global_active_power (t+15),HPC6,TCN,12.25,35046,383.50347900390625,61.12352013587952,30.42650818824768,320.5558776855469,-0.5241775540192384,63.036818925128166,0.44598235671616226
45,7,Global_active_power (t+20),HPC6,TCN,12.25,35046,374.47283935546875,59.98080372810364,28.948703408241272,306.7423400878906,-0.43857394277464823,64.3268154081654,0.4062113847085492
46,7,Global_active_power (t+25),HPC6,TCN,12.25,35046,377.4200744628906,61.8645966053009,29.34686243534088,310.8409729003906,-0.4320505824749714,60.09436923585263,0.40689140495442416
47,7,Global_active_power (t+30),HPC6,TCN,12.25,35046,388.5030822753906,62.950706481933594,31.41254484653473,322.7439270019531,-0.5241155176925776,70.6451557410254,0.46748914258855073
48,8,Global_active_power (t+5),HPC6,TCN,13.43,35046,331.604736328125,56.77095055580139,31.17588460445404,269.8865966796875,-0.5196357057223646,87.58331519767863,0.48977766744124557
49,8,Global_active_power (t+10),HPC6,TCN,13.43,35046,300.9850769042969,57.7392578125,31.345072388648987,261.2046813964844,-0.577418763411587,80.99964685205565,0.46615412780296644
50,8,Global_active_power (t+15),HPC6,TCN,13.43,35046,301.0216979980469,57.82366394996643,31.46047592163086,261.3981628417969,-0.5744770393449108,81.68235079787014,0.46811259171211056
51,8,Global_active_power (t+20),HPC6,TCN,13.43,35046,292.6972961425781,57.9132080078125,30.5900901556015,253.21646118164062,-0.49195927266551154,78.19770570394286,0.4292459647637623
52,8,Global_active_power (t+25),HPC6,TCN,13.43,35046,297.0584716796875,58.869993686676025,30.533549189567566,257.58685302734375,-0.47495574390273965,74.38890969255577,0.42066473228707063
53,8,Global_active_power (t+30),HPC6,TCN,13.43,35046,299.67327880859375,56.25163912773132,30.329689383506775,256.4559631347656,-0.541288560133925,77.49188361650582,0.4482590432249233
54,9,Global_active_power (t+5),HPC6,TCN,14.19,35046,301.8168640136719,58.568888902664185,31.070175766944885,254.6019287109375,-0.5133006094345285,186.4091037602488,0.4587821033686553
55,9,Global_active_power (t+10),HPC6,TCN,14.19,35046,299.5434265136719,58.23987126350403,30.77550232410431,249.48489379882812,-0.4682000183789592,180.20891549011327,0.4499309803995366
56,9,Global_active_power (t+15),HPC6,TCN,14.19,35046,282.780517578125,63.69519829750061,29.922756552696228,241.97976684570312,-0.30385418934549024,154.23536069775957,0.3479397394593604
57,9,Global_active_power (t+20),HPC6,TCN,14.19,35046,272.6983642578125,60.033613443374634,29.055792093276978,231.3577117919922,-0.3161779289908102,147.77944994790548,0.3501286337331276
58,9,Global_active_power (t+25),HPC6,TCN,14.19,35046,298.56854248046875,59.35152769088745,29.496154189109802,240.22572326660156,-0.31311510016764355,174.05874608596642,0.38411838426870754
59,9,Global_active_power (t+30),HPC6,TCN,14.19,35046,293.6037292480469,64.79876637458801,30.061981081962585,240.44496154785156,-0.23797454411071794,165.33152893059065,0.33662418098681085
60,10,Global_active_power (t+5),HPC6,TCN,14.44,35046,224.6780242919922,50.665831565856934,24.741117656230927,180.89865112304688,-0.3094493081116336,68.61433470954995,0.3150545062072902
61,10,Global_active_power (t+10),HPC6,TCN,14.44,35046,216.28453063964844,50.91761350631714,24.873599410057068,176.91506958007812,-0.3170730539192814,70.49426573565688,0.31221529110627233
62,10,Global_active_power (t+15),HPC6,TCN,14.44,35046,202.9814453125,54.688483476638794,24.357588589191437,166.7662811279297,-0.1612769521777384,59.46408711355875,0.22487530953171259
63,10,Global_active_power (t+20),HPC6,TCN,14.44,35046,197.8352508544922,56.52109980583191,24.005280435085297,163.2904510498047,-0.10062575900932491,58.561721982330305,0.17500373154319604
64,10,Global_active_power (t+25),HPC6,TCN,14.44,35046,196.3727264404297,54.559171199798584,24.55885261297226,163.42567443847656,-0.15302755818856695,60.63760624964662,0.21944004171982529
65,10,Global_active_power (t+30),HPC6,TCN,14.44,35046,203.2354278564453,56.38300180435181,24.501129984855652,167.52357482910156,-0.09799197330746101,60.38553293738949,0.1795794785230549
66,11,Global_active_power (t+5),HPC6,TCN,13.99,35046,165.15567016601562,47.64367938041687,21.002094447612762,128.0101776123047,-0.042048171522945266,69.12973111068531,0.1141153212500048
67,11,Global_active_power (t+10),HPC6,TCN,13.99,35046,170.62417602539062,49.55049157142639,21.816883981227875,132.80174255371094,-0.04588227056242533,73.09564774019793,0.1236061569816792
68,11,Global_active_power (t+15),HPC6,TCN,13.99,35046,159.2230987548828,49.37833249568939,20.9990993142128,123.13080596923828,-0.017185645477658884,65.83083086240616,0.0709844408198363
69,11,Global_active_power (t+20),HPC6,TCN,13.99,35046,160.5245819091797,49.29479956626892,21.360261738300323,122.84406280517578,-0.027490689307984484,69.9747176437722,0.0906831634778848
70,11,Global_active_power (t+25),HPC6,TCN,13.99,35046,161.6226348876953,49.293455481529236,21.387934684753418,124.86180877685547,-0.02745446711206534,70.42713998856368,0.09394174054906389
71,11,Global_active_power (t+30),HPC6,TCN,13.99,35046,150.1743927001953,48.33652675151825,20.24051398038864,116.13573455810547,-0.00326303394612637,63.40812684422797,0.035581385485406396
72,12,Global_active_power (t+5),HPC6,TCN,12.07,35046,144.782958984375,204.3346643447876,49.89604651927948,143.88487243652344,-79.81286519306161,2478.0611125620267,-0.9902819471391777
73,12,Global_active_power (t+10),HPC6,TCN,12.07,35046,144.30911254882812,207.32359886169434,50.43330788612366,143.67640686035156,-113.20984867451986,2307.8189360663737,-1.0031494455710135
74,12,Global_active_power (t+15),HPC6,TCN,12.07,35046,126.99523162841797,186.06914281845093,47.928741574287415,126.61808013916016,-167.40108365231598,1857.3442311983931,-0.9552743815326538
75,12,Global_active_power (t+20),HPC6,TCN,12.07,35046,145.0247802734375,216.50660037994385,51.92480683326721,144.99334716796875,-2290.9999803782125,2114.425806451613,-1.0381376921431429
76,12,Global_active_power (t+25),HPC6,TCN,12.07,35046,127.17726135253906,191.78892374038696,48.903051018714905,127.1476058959961,-2133.111793653625,2345.1572875633087,-0.9777261032666528
77,12,Global_active_power (t+30),HPC6,TCN,12.07,35046,123.76496124267578,187.19362020492554,48.29786717891693,123.73493194580078,-2051.0529696639774,2240.6244475138124,-0.9656197352357971
78,13,Global_active_power (t+5),HPC6,TCN,12.51,35046,267.5009460449219,53.60427498817444,29.734686017036438,215.05520629882812,-0.5025327581079602,83.51209264437574,0.4734134874763485
79,13,Global_active_power (t+10),HPC6,TCN,12.51,35046,280.02398681640625,52.39596962928772,29.707476496696472,224.67295837402344,-0.5307772333851488,81.89996161982202,0.4871294127939725
80,13,Global_active_power (t+15),HPC6,TCN,12.51,35046,272.6380310058594,51.73032879829407,28.529560565948486,218.4326629638672,-0.4777071024525499,80.17196880636796,0.4462028660060465
81,13,Global_active_power (t+20),HPC6,TCN,12.51,35046,253.83946228027344,50.153982639312744,28.097209334373474,208.9158477783203,-0.5058582964551259,72.04874531170147,0.4359495514551875
82,13,Global_active_power (t+25),HPC6,TCN,12.51,35046,247.7281951904297,52.977997064590454,27.11166739463806,206.18063354492188,-0.33627517307936405,64.30308779378797,0.3454047115068217
83,13,Global_active_power (t+30),HPC6,TCN,12.51,35046,256.5974426269531,50.85214376449585,27.463778853416443,210.8019256591797,-0.42626397598766896,68.5654815298051,0.39886018833399534
84,14,Global_active_power (t+5),HPC6,TCN,10.85,35046,356.5906677246094,48.94818663597107,27.867281436920166,265.9692077636719,-0.5044954268666255,193.9444130925508,0.4915260118342714
85,14,Global_active_power (t+10),HPC6,TCN,10.85,35046,362.4150695800781,48.27539324760437,27.842026948928833,270.6481018066406,-0.5473028047462909,196.00609031491385,0.5050264144814721
86,14,Global_active_power (t+15),HPC6,TCN,10.85,35046,357.8677978515625,50.31180381774902,27.844414114952087,267.0369567871094,-0.4459788968382119,190.8597190800931,0.468659109488883
87,14,Global_active_power (t+20),HPC6,TCN,10.85,35046,354.68316650390625,48.49100112915039,26.82977318763733,266.8923645019531,-0.470108845518568,181.43902210565756,0.45260464750383383
88,14,Global_active_power (t+25),HPC6,TCN,10.85,35046,379.53411865234375,49.69387352466583,29.808473587036133,290.5509948730469,-0.681965459849591,213.9331188825624,0.5658385021751021
89,14,Global_active_power (t+30),HPC6,TCN,10.85,35046,347.446533203125,50.78745484352112,28.837886452674866,272.45330810546875,-0.5886334939733999,188.32712475601284,0.49660090073228563
90,15,Global_active_power (t+5),HPC6,TCN,14.96,35046,268.5855712890625,55.29027581214905,28.532275557518005,219.3795928955078,-0.3547921830595364,184.45731771215392,0.38821144390065704
91,15,Global_active_power (t+10),HPC6,TCN,14.96,35046,268.76153564453125,57.25175738334656,29.576173424720764,223.30870056152344,-0.37481264880321596,185.9971277112505,0.40200038932766885
92,15,Global_active_power (t+15),HPC6,TCN,14.96,35046,281.8377990722656,51.28752589225769,29.387709498405457,234.1737518310547,-0.6438630801526233,192.95601938907694,0.4870312941701213
93,15,Global_active_power (t+20),HPC6,TCN,14.96,35046,292.72564697265625,50.157248973846436,29.875245690345764,244.57888793945312,-0.8140759564936608,210.4023777665665,0.529454896287167
94,15,Global_active_power (t+25),HPC6,TCN,14.96,35046,283.1153869628906,51.59381628036499,29.158037900924683,239.5111083984375,-0.6670571419077143,183.47655400193818,0.4729455825198576
95,15,Global_active_power (t+30),HPC6,TCN,14.96,35046,270.98565673828125,50.24980306625366,28.43851149082184,230.84507751464844,-0.6860536507462545,177.77093093093094,0.4603294443531615
96,16,Global_active_power (t+5),HPC6,TCN,10.69,35046,246.548583984375,72.7096676826477,27.536606788635254,207.4927520751953,-0.007546766728570908,37.29390475838765,0.059705088910680826
97,16,Global_active_power (t+10),HPC6,TCN,10.69,35046,247.17007446289062,70.04123330116272,27.312782406806946,205.38992309570312,-0.009423100543205054,38.52190477096423,0.06173927299056403
98,16,Global_active_power (t+15),HPC6,TCN,10.69,35046,235.0665283203125,69.42576169967651,26.465636491775513,194.29623413085938,-0.0016103687083439677,36.43745801678383,0.0264176626809712
99,16,Global_active_power (t+20),HPC6,TCN,10.69,35046,255.75079345703125,69.9195921421051,27.509233355522156,208.0418701171875,-0.020217468005835793,41.157061403293376,0.096401146200665
100,16,Global_active_power (t+25),HPC6,TCN,10.69,35046,256.1349182128906,67.54910349845886,27.042168378829956,208.71810913085938,-0.02645038979329528,40.082088483065576,0.11133226421302096
101,16,Global_active_power (t+30),HPC6,TCN,10.69,35046,253.93646240234375,63.493651151657104,25.93098282814026,206.80410766601562,-0.055171574192445894,39.35204540080397,0.14750555655834913
102,17,Global_active_power (t+5),HPC6,TCN,12.81,35046,229.26470947265625,48.29573035240173,23.010839521884918,186.9723358154297,-0.1706841687383125,91.87411030940443,0.2254478073366401
103,17,Global_active_power (t+10),HPC6,TCN,12.81,35046,226.20816040039062,50.967854261398315,23.23855459690094,185.52220153808594,-0.10079329492932954,89.81339133174201,0.17474221154105865
104,17,Global_active_power (t+15),HPC6,TCN,12.81,35046,233.9364471435547,51.43469572067261,24.010419845581055,191.60435485839844,-0.11848467434686594,96.5274321907976,0.20040109551648702
105,17,Global_active_power (t+20),HPC6,TCN,12.81,35046,239.3230438232422,51.69452428817749,24.354614317417145,198.45082092285156,-0.14356398133502868,107.269310736318,0.21500073990420188
106,17,Global_active_power (t+25),HPC6,TCN,12.81,35046,225.6364288330078,48.22527468204498,22.695323824882507,181.61788940429688,-0.09621608449579022,92.00207182320442,0.17692010410777081
107,17,Global_active_power (t+30),HPC6,TCN,12.81,35046,231.06216430664062,46.98957800865173,22.97416925430298,185.37655639648438,-0.1520717705366197,107.95068293934814,0.2199960619715903
108,18,Global_active_power (t+5),HPC6,TCN,13.86,35046,152.13626098632812,46.45443558692932,20.914967358112335,133.9196319580078,-0.058343396344666676,72.05505449079294,0.11451662844596104
109,18,Global_active_power (t+10),HPC6,TCN,13.86,35046,156.78468322753906,51.742732524871826,22.063541412353516,139.37132263183594,-0.06274593440376508,74.50973154849096,0.11587242020592707
110,18,Global_active_power (t+15),HPC6,TCN,13.86,35046,147.3625946044922,51.54687762260437,21.65905386209488,132.55209350585938,-0.04157518972385432,72.45303614566298,0.0945031888164581
111,18,Global_active_power (t+20),HPC6,TCN,13.86,35046,155.32456970214844,50.927239656448364,22.489623725414276,137.403564453125,-0.10200072572016072,80.86936936936937,0.15040371773174746
112,18,Global_active_power (t+25),HPC6,TCN,13.86,35046,148.5052490234375,55.64945340156555,22.20255583524704,133.38906860351562,-0.013768681930784288,68.06473270484237,0.06233747633303156
113,18,Global_active_power (t+30),HPC6,TCN,13.86,35046,146.02911376953125,53.25160026550293,22.00891226530075,130.64451599121094,-0.041691950009010714,72.33246666868217,0.0919015749519424
114,19,Global_active_power (t+5),HPC6,TCN,24.94,35046,126.36161804199219,67.15176701545715,24.58716183900833,113.28397369384766,-0.0681506131457481,115.53384581042998,-0.1322419637698958
115,19,Global_active_power (t+10),HPC6,TCN,24.94,35046,126.3608169555664,71.07244729995728,25.034049153327942,113.76048278808594,-0.17717053086124745,116.16842718065259,-0.20169145143055917
116,19,Global_active_power (t+15),HPC6,TCN,24.94,35046,129.02085876464844,76.52626037597656,26.339954137802124,117.47718811035156,-0.23376614822175412,114.46474888317314,-0.23508743973958351
117,19,Global_active_power (t+20),HPC6,TCN,24.94,35046,118.85929107666016,70.58108448982239,25.082823634147644,109.48277282714844,-0.19401963737160854,110.11538733389878,-0.20532624530007543
118,19,Global_active_power (t+25),HPC6,TCN,24.94,35046,120.38235473632812,74.39337968826294,26.03452503681183,111.36854553222656,-0.26862437892243674,113.73879822386252,-0.24340910157390863
119,19,Global_active_power (t+30),HPC6,TCN,24.94,35046,125.24666595458984,83.10869932174683,27.546754479408264,115.8973388671875,-0.6175593691654369,112.64430888730307,-0.34313574268951363
120,20,Global_active_power (t+5),HPC6,TCN,10.88,35046,170.2829132080078,37.804657220840454,24.553407728672028,131.1970672607422,-1.1796286553057374,226.91923381931312,0.5338783639846694
121,20,Global_active_power (t+10),HPC6,TCN,10.88,35046,167.15914916992188,36.685895919799805,23.264095187187195,127.62989807128906,-0.9712340478804562,208.85253465006767,0.48735498957534584
122,20,Global_active_power (t+15),HPC6,TCN,10.88,35046,161.1577606201172,35.184356570243835,22.12621122598648,121.65914154052734,-0.9416135436004531,198.90084745762712,0.46413906929480747
123,20,Global_active_power (t+20),HPC6,TCN,10.88,35046,161.73338317871094,35.56818962097168,22.3813995718956,123.3309326171875,-1.0060383598863187,210.97870180537032,0.47009107404258305
124,20,Global_active_power (t+25),HPC6,TCN,10.88,35046,167.2704620361328,36.128467321395874,22.753651440143585,128.3996124267578,-1.0140706913161255,207.00651484251077,0.4756935132636049
125,20,Global_active_power (t+30),HPC6,TCN,10.88,35046,172.017578125,36.71523034572601,23.55625331401825,134.09219360351562,-1.208193316519064,205.77803738317758,0.5040309704424912
126,21,Global_active_power (t+5),HPC6,TCN,12.14,35046,230.4442901611328,36.004066467285156,21.722319722175598,169.8534393310547,-0.7590853568036389,97.86542723467126,0.4359849692612961
127,21,Global_active_power (t+10),HPC6,TCN,12.14,35046,207.8706512451172,32.98775255680084,18.186648190021515,146.43443298339844,-0.40562542120353395,80.32435731132075,0.3086948822174699
128,21,Global_active_power (t+15),HPC6,TCN,12.14,35046,251.60751342773438,36.55989468097687,22.408519685268402,182.38626098632812,-0.7323014059281758,104.41848831024089,0.46115149883478856
129,21,Global_active_power (t+20),HPC6,TCN,12.14,35046,254.49969482421875,36.449140310287476,21.257445216178894,181.03390502929688,-0.5586389408817547,100.81047821672067,0.41046502001553953
130,21,Global_active_power (t+25),HPC6,TCN,12.14,35046,253.19125366210938,37.62202262878418,21.175651252269745,178.906005859375,-0.4851845078401531,95.29059564008912,0.3904043724490889
131,21,Global_active_power (t+30),HPC6,TCN,12.14,35046,248.8380584716797,37.64520287513733,20.44416218996048,171.6577911376953,-0.3579302107357931,93.5458670337865,0.34886410931720035
132,22,Global_active_power (t+5),HPC6,TCN,12.26,35046,230.9081268310547,30.133605003356934,18.497787415981293,166.59803771972656,-0.6935453973033554,55.587862558406066,0.37899833609428085
133,22,Global_active_power (t+10),HPC6,TCN,12.26,35046,215.93836975097656,28.0312716960907,16.61185920238495,151.86036682128906,-0.48730753389234294,47.699697321055396,0.3118371394769721
134,22,Global_active_power (t+15),HPC6,TCN,12.26,35046,227.76751708984375,28.861501812934875,17.70213544368744,161.80189514160156,-0.6577185136618813,52.7883863210383,0.3630856970939579
135,22,Global_active_power (t+20),HPC6,TCN,12.26,35046,229.9303436279297,28.781795501708984,17.724180221557617,164.197265625,-0.737249943448546,51.365249314844355,0.3724838220257548
136,22,Global_active_power (t+25),HPC6,TCN,12.26,35046,234.89584350585938,29.8976868391037,18.014638125896454,166.50131225585938,-0.659565603222199,53.397714816921734,0.36980314027881994
137,22,Global_active_power (t+30),HPC6,TCN,12.26,35046,248.3361358642578,31.39001429080963,18.84417235851288,175.66014099121094,-0.6070438630702988,58.58304956625032,0.3809281629782515
138,23,Global_active_power (t+5),HPC6,TCN,14.86,35046,341.15118408203125,53.65052819252014,29.908043146133423,282.5613708496094,-0.6820295544329631,76.4961542672579,0.5031271939796177
139,23,Global_active_power (t+10),HPC6,TCN,14.86,35046,319.5461730957031,54.13756966590881,29.140248894691467,271.7537536621094,-0.6678218916820271,71.62520692249812,0.46146995357407705
140,23,Global_active_power (t+15),HPC6,TCN,14.86,35046,342.9966125488281,53.97762656211853,30.51970601081848,287.9199523925781,-0.7827223560365522,80.63618231778625,0.5241225943185656
141,23,Global_active_power (t+20),HPC6,TCN,14.86,35046,345.9206237792969,52.70930528640747,30.3340345621109,286.5390930175781,-0.8041592881419224,82.45107908959316,0.5362965837957212
142,23,Global_active_power (t+25),HPC6,TCN,14.86,35046,356.2682189941406,51.40243172645569,30.186733603477478,293.56231689453125,-0.7821025753252977,85.63252866228022,0.5403928176541369
143,23,Global_active_power (t+30),HPC6,TCN,14.86,35046,346.35943603515625,52.33640670776367,29.765033721923828,286.91363525390625,-0.6749215149249514,78.34323423230643,0.5013106924706838
144,24,Global_active_power (t+5),HPC6,TCN,24.83,35046,229.9269561767578,68.26134920120239,26.169615983963013,185.70162963867188,0.0008063593568582439,96.52360484780158,0.005024641363680441
145,24,Global_active_power (t+10),HPC6,TCN,24.83,35046,230.0304412841797,68.58378648757935,26.04500651359558,190.4047088623047,9.246749826574696e-05,92.09424291666157,0.0045119488592174125
146,24,Global_active_power (t+15),HPC6,TCN,24.83,35046,234.73239135742188,60.32271385192871,25.266194343566895,189.74386596679688,-0.038446591565434174,98.57502979661407,0.12214100998209153
147,24,Global_active_power (t+20),HPC6,TCN,24.83,35046,238.42091369628906,57.38816857337952,24.75762665271759,194.0615997314453,-0.06400627268463843,101.33832075129064,0.15207718385190208
148,24,Global_active_power (t+25),HPC6,TCN,24.83,35046,243.0474090576172,50.292980670928955,23.81913661956787,193.25204467773438,-0.17964668579820375,106.20036137187967,0.2468498663983528
149,24,Global_active_power (t+30),HPC6,TCN,24.83,35046,250.6478271484375,48.018163442611694,24.276863038539886,200.52635192871094,-0.294709228764078,112.90902092326304,0.3098657496239186
150,25,Global_active_power (t+5),HPC6,TCN,14.16,35046,176.71217346191406,56.35875463485718,22.207732498645782,147.23117065429688,-2.9976441660028996e-06,84.85872034233627,-0.015487191572698473
151,25,Global_active_power (t+10),HPC6,TCN,14.16,35046,198.26797485351562,50.04183053970337,21.864499151706696,151.7958984375,-0.03614589194215312,98.45196241854826,0.1114701483565893
152,25,Global_active_power (t+15),HPC6,TCN,14.16,35046,187.05990600585938,51.03994607925415,21.153821051120758,144.3104705810547,-0.009756277060624097,89.52080442815206,0.05420686087147038
153,25,Global_active_power (t+20),HPC6,TCN,14.16,35046,190.63552856445312,47.13880717754364,21.36968821287155,144.53469848632812,-0.0603030924736363,100.32997655070508,0.14041310240157195
154,25,Global_active_power (t+25),HPC6,TCN,14.16,35046,182.49246215820312,50.29335618019104,21.123385429382324,141.52999877929688,-0.012330695735120134,88.87042266080134,0.0628868535456559
155,25,Global_active_power (t+30),HPC6,TCN,14.16,35046,181.63331604003906,47.55616784095764,20.507776737213135,141.45346069335938,-0.027794600632496058,90.99020806897923,0.08643332362885225
156,26,Global_active_power (t+5),HPC6,TCN,13.66,35046,152.76235961914062,33.726343512535095,17.600612342357635,122.30475616455078,-0.3288016230104447,61.97418627972911,0.23061379353238773
157,26,Global_active_power (t+10),HPC6,TCN,13.66,35046,158.5049285888672,33.83841514587402,18.23701560497284,126.11236572265625,-0.39819232706068974,67.88954316711326,0.2615704874825371
158,26,Global_active_power (t+15),HPC6,TCN,13.66,35046,138.4006805419922,32.41806626319885,16.478751599788666,110.93035888671875,-0.23077556882927674,60.18091642559516,0.18507157773360577
159,26,Global_active_power (t+20),HPC6,TCN,13.66,35046,144.1687469482422,31.298112869262695,16.05130285024643,111.53217315673828,-0.22568485262873694,57.988872658532394,0.18842520612157673
160,26,Global_active_power (t+25),HPC6,TCN,13.66,35046,152.97885131835938,31.83482587337494,16.997119784355164,119.44745635986328,-0.34683327671623165,62.85104755695425,0.23664830980683507
161,26,Global_active_power (t+30),HPC6,TCN,13.66,35046,154.3737030029297,29.875969886779785,16.424700617790222,117.03861236572266,-0.3979890512520663,68.70092080781193,0.2516385917976968
162,27,Global_active_power (t+5),HPC6,TCN,12.7,35046,120.06845092773438,59.545546770095825,21.985353529453278,98.8829345703125,-0.2087791892903319,175.31427680242402,-0.21457768365093904
163,27,Global_active_power (t+10),HPC6,TCN,12.7,35046,107.06769561767578,64.70959782600403,23.091590404510498,97.35684967041016,-0.6233166522499993,156.43269423698584,-0.2971169208513461
164,27,Global_active_power (t+15),HPC6,TCN,12.7,35046,102.89363098144531,63.317787647247314,23.12048375606537,93.59908294677734,-0.5644439419282443,163.10468519459158,-0.2922774547834882
165,27,Global_active_power (t+20),HPC6,TCN,12.7,35046,121.17375946044922,81.2835693359375,27.47766375541687,113.97187042236328,-1.3235924475734273,176.92815925496836,-0.4200771008963456
166,27,Global_active_power (t+25),HPC6,TCN,12.7,35046,121.08119201660156,85.23257970809937,28.638532757759094,114.90343475341797,-1.8604275808809474,179.92782640243072,-0.4696432745584247
167,27,Global_active_power (t+30),HPC6,TCN,12.7,35046,105.62606811523438,78.32264304161072,26.957601308822632,101.03282928466797,-3.3075921008824354,162.54132619517236,-0.4782732338233932
168,28,Global_active_power (t+5),HPC6,TCN,11.93,35046,163.66078186035156,31.900814175605774,19.277040660381317,121.63426208496094,-0.7704588050589609,75.14448554654112,0.3826359895976946
169,28,Global_active_power (t+10),HPC6,TCN,11.93,35046,144.78363037109375,28.211215138435364,16.234704852104187,104.60138702392578,-0.5132898441290084,59.3085644993937,0.29072086111249806
170,28,Global_active_power (t+15),HPC6,TCN,11.93,35046,158.2113037109375,30.379900336265564,18.076512217521667,115.90680694580078,-0.6127387025556263,69.8373106481575,0.34229567819862067
171,28,Global_active_power (t+20),HPC6,TCN,11.93,35046,157.87892150878906,30.771562457084656,17.931291460990906,117.04938507080078,-0.5260059265234096,67.02784309914813,0.31709914769455017
172,28,Global_active_power (t+25),HPC6,TCN,11.93,35046,183.93533325195312,32.86969065666199,19.622845947742462,134.64212036132812,-0.5890017930253724,85.16653360557868,0.37153582141862707
173,28,Global_active_power (t+30),HPC6,TCN,11.93,35046,197.77345275878906,33.69870483875275,20.307108759880066,144.06028747558594,-0.5874557866205992,82.06302906744838,0.3905175207000561
174,29,Global_active_power (t+5),HPC6,TCN,19.09,35046,243.53256225585938,53.68390679359436,24.200616776943207,193.6389617919922,-0.1608175514010597,66.96379122262314,0.23442190750240094
175,29,Global_active_power (t+10),HPC6,TCN,19.09,35046,265.1801452636719,55.04891276359558,26.723843812942505,216.2916259765625,-0.30779613332001277,79.18912785929099,0.33317379994165186
176,29,Global_active_power (t+15),HPC6,TCN,19.09,35046,272.4598388671875,56.40655755996704,28.10031771659851,228.2938690185547,-0.37531139682687353,80.33223559898505,0.3661588557082473
177,29,Global_active_power (t+20),HPC6,TCN,19.09,35046,274.6224670410156,56.25287890434265,28.16987633705139,230.71852111816406,-0.40326130557960593,81.9595340449561,0.3742274887112679
178,29,Global_active_power (t+25),HPC6,TCN,19.09,35046,242.4454803466797,55.98477125167847,26.582756638526917,210.4591064453125,-0.2978601652867485,67.99778745913005,0.2989220593694461
179,29,Global_active_power (t+30),HPC6,TCN,19.09,35046,248.1488800048828,55.70577383041382,27.12453007698059,213.5414276123047,-0.3439803429265065,74.4846704162392,0.32742912046972816
