window,time_step,rmse,mape,smape,mae,r2,fb,nrmse,rules,time_cost,mem_cost
0,use [kW](t+1),0.011,0,0,0,0,0,0.003,28271,185.00651788711548,3.8482284545898438
0,gen [kW](t+1),0.001,0,0,0,0,0,0.001,20205,185.00651788711548,3.8482284545898438
0,Dishwasher [kW](t+1),0.001,0,0,0,0,0,0.001,18130,185.00651788711548,3.8482284545898438
0,Furnace 1 [kW](t+1),0.013,0,0,0,0,0,0.022,25887,185.00651788711548,3.8482284545898438
0,Furnace 2 [kW](t+1),0.001,0,0,0,0,0,0.002,26094,185.00651788711548,3.8482284545898438
0,Home office [kW](t+1),0.001,0,0,0,0,0,0.002,21705,185.00651788711548,3.8482284545898438
0,Fridge [kW](t+1),0.001,0,0,0,0,0,0.002,23550,185.00651788711548,3.8482284545898438
0,Wine cellar [kW](t+1),0.0,0,0,0,0,0,0.001,19220,185.00651788711548,3.8482284545898438
0,Garage door [kW](t+1),0.0,0,0,0,0,0,0.006,18462,185.00651788711548,3.8482284545898438
0,Kitchen 12 [kW](t+1),0.0,0,0,0,0,0,0.072,15926,185.00651788711548,3.8482284545898438
0,Kitchen 14 [kW](t+1),0.002,0,0,0,0,0,0.001,18010,185.00651788711548,3.8482284545898438
0,Kitchen 38 [kW](t+1),0.0,0,0,0,0,0,0.239,186715,185.00651788711548,3.8482284545898438
0,Barn [kW](t+1),0.004,0,0,0,0,0,0.008,19244,185.00651788711548,3.8482284545898438
0,Well [kW](t+1),0.002,0,0,0,0,0,0.002,18434,185.00651788711548,3.8482284545898438
0,Microwave [kW](t+1),0.002,0,0,0,0,0,0.001,18150,185.00651788711548,3.8482284545898438
0,Living room [kW](t+1),0.001,0,0,0,0,0,0.003,19909,185.00651788711548,3.8482284545898438
0,Solar [kW](t+1),0.001,0,0,0,0,0,0.001,20205,185.00651788711548,3.8482284545898438
0,temperature(t+1),0.128,0,0,0,0,0,0.003,21402,185.00651788711548,3.8482284545898438
0,humidity(t+1),0.0,0,0,0,0,0,0.0,22075,185.00651788711548,3.8482284545898438
0,visibility(t+1),0.011,0,0,0,0,0,0.001,19953,185.00651788711548,3.8482284545898438
0,apparentTemperature(t+1),0.001,0,0,0,0,0,0.0,21658,185.00651788711548,3.8482284545898438
0,pressure(t+1),0.207,0,0,0,0,0,0.007,18506,185.00651788711548,3.8482284545898438
0,windSpeed(t+1),0.037,0,0,0,0,0,0.002,23299,185.00651788711548,3.8482284545898438
0,windBearing(t+1),0.01,0,0,0,0,0,0.0,21752,185.00651788711548,3.8482284545898438
0,precipIntensity(t+1),0.0,0,0,0,0,0,0.0,11584,185.00651788711548,3.8482284545898438
0,dewPoint(t+1),0.069,0,0,0,0,0,0.001,20488,185.00651788711548,3.8482284545898438
0,precipProbability(t+1),0.0,0,0,0,0,0,0.0,9146,185.00651788711548,3.8482284545898438
1679,use [kW](t+1),0.002,0,0,0,0,0,0.001,29523,182.7517695426941,4.700325012207031
1679,gen [kW](t+1),0.0,0,0,0,0,0,0.0,21276,182.7517695426941,4.700325012207031
1679,Dishwasher [kW](t+1),0.001,0,0,0,0,0,0.001,18884,182.7517695426941,4.700325012207031
1679,Furnace 1 [kW](t+1),0.0,0,0,0,0,0,0.001,26957,182.7517695426941,4.700325012207031
1679,Furnace 2 [kW](t+1),0.005,0,0,0,0,0,0.007,27550,182.7517695426941,4.700325012207031
1679,Home office [kW](t+1),0.0,0,0,0,0,0,0.0,22807,182.7517695426941,4.700325012207031
1679,Fridge [kW](t+1),0.004,0,0,0,0,0,0.006,24685,182.7517695426941,4.700325012207031
1679,Wine cellar [kW](t+1),0.0,0,0,0,0,0,0.001,20773,182.7517695426941,4.700325012207031
1679,Garage door [kW](t+1),0.0,0,0,0,0,0,0.005,19713,182.7517695426941,4.700325012207031
1679,Kitchen 12 [kW](t+1),0.012,0,0,0,0,0,0.013,17001,182.7517695426941,4.700325012207031
1679,Kitchen 14 [kW](t+1),0.001,0,0,0,0,0,0.001,18797,182.7517695426941,4.700325012207031
1679,Kitchen 38 [kW](t+1),0.0,0,0,0,0,0,0.206,207911,182.7517695426941,4.700325012207031
1679,Barn [kW](t+1),0.001,0,0,0,0,0,0.002,20617,182.7517695426941,4.700325012207031
1679,Well [kW](t+1),0.001,0,0,0,0,0,0.001,19363,182.7517695426941,4.700325012207031
1679,Microwave [kW](t+1),0.001,0,0,0,0,0,0.001,19021,182.7517695426941,4.700325012207031
1679,Living room [kW](t+1),0.0,0,0,0,0,0,0.001,19686,182.7517695426941,4.700325012207031
1679,Solar [kW](t+1),0.001,0,0,0,0,0,0.001,21276,182.7517695426941,4.700325012207031
1679,temperature(t+1),0.002,0,0,0,0,0,0.0,24163,182.7517695426941,4.700325012207031
1679,humidity(t+1),0.003,0,0,0,0,0,0.008,24102,182.7517695426941,4.700325012207031
1679,visibility(t+1),0.001,0,0,0,0,0,0.0,22215,182.7517695426941,4.700325012207031
1679,apparentTemperature(t+1),0.01,0,0,0,0,0,0.0,23236,182.7517695426941,4.700325012207031
1679,pressure(t+1),0.123,0,0,0,0,0,0.007,19926,182.7517695426941,4.700325012207031
1679,windSpeed(t+1),0.003,0,0,0,0,0,0.0,25524,182.7517695426941,4.700325012207031
1679,windBearing(t+1),0.045,0,0,0,0,0,0.0,23065,182.7517695426941,4.700325012207031
1679,precipIntensity(t+1),0.0,0,0,0,0,0,0.008,10604,182.7517695426941,4.700325012207031
1679,dewPoint(t+1),0.011,0,0,0,0,0,0.001,22563,182.7517695426941,4.700325012207031
1679,precipProbability(t+1),0.0,0,0,0,0,0,0.0,10803,182.7517695426941,4.700325012207031
3358,use [kW](t+1),0.031,0,0,0,0,0,0.011,25807,174.96577954292297,4.700325012207031
3358,gen [kW](t+1),0.001,0,0,0,0,0,0.001,19387,174.96577954292297,4.700325012207031
3358,Dishwasher [kW](t+1),0.002,0,0,0,0,0,0.002,15881,174.96577954292297,4.700325012207031
3358,Furnace 1 [kW](t+1),0.002,0,0,0,0,0,0.002,22253,174.96577954292297,4.700325012207031
3358,Furnace 2 [kW](t+1),0.002,0,0,0,0,0,0.004,22136,174.96577954292297,4.700325012207031
3358,Home office [kW](t+1),0.001,0,0,0,0,0,0.002,19713,174.96577954292297,4.700325012207031
3358,Fridge [kW](t+1),0.002,0,0,0,0,0,0.01,21503,174.96577954292297,4.700325012207031
3358,Wine cellar [kW](t+1),0.0,0,0,0,0,0,0.001,16537,174.96577954292297,4.700325012207031
3358,Garage door [kW](t+1),0.0,0,0,0,0,0,0.001,16442,174.96577954292297,4.700325012207031
3358,Kitchen 12 [kW](t+1),0.001,0,0,0,0,0,1.037,14611,174.96577954292297,4.700325012207031
3358,Kitchen 14 [kW](t+1),0.003,0,0,0,0,0,0.006,15784,174.96577954292297,4.700325012207031
3358,Kitchen 38 [kW](t+1),0.0,0,0,0,0,0,0.36,156848,174.96577954292297,4.700325012207031
3358,Barn [kW](t+1),0.003,0,0,0,0,0,0.005,17979,174.96577954292297,4.700325012207031
3358,Well [kW](t+1),0.002,0,0,0,0,0,0.001,16418,174.96577954292297,4.700325012207031
3358,Microwave [kW](t+1),0.002,0,0,0,0,0,0.001,16151,174.96577954292297,4.700325012207031
3358,Living room [kW](t+1),0.001,0,0,0,0,0,0.003,16901,174.96577954292297,4.700325012207031
3358,Solar [kW](t+1),0.0,0,0,0,0,0,0.001,19387,174.96577954292297,4.700325012207031
3358,temperature(t+1),0.03,0,0,0,0,0,0.001,20020,174.96577954292297,4.700325012207031
3358,humidity(t+1),0.0,0,0,0,0,0,0.0,22386,174.96577954292297,4.700325012207031
3358,visibility(t+1),0.018,0,0,0,0,0,0.002,17476,174.96577954292297,4.700325012207031
3358,apparentTemperature(t+1),0.02,0,0,0,0,0,0.0,21099,174.96577954292297,4.700325012207031
3358,pressure(t+1),0.144,0,0,0,0,0,0.008,18117,174.96577954292297,4.700325012207031
3358,windSpeed(t+1),0.001,0,0,0,0,0,0.0,23479,174.96577954292297,4.700325012207031
3358,windBearing(t+1),0.101,0,0,0,0,0,0.0,21741,174.96577954292297,4.700325012207031
3358,precipIntensity(t+1),0.0,0,0,0,0,0,0.001,10819,174.96577954292297,4.700325012207031
3358,dewPoint(t+1),0.038,0,0,0,0,0,0.001,21102,174.96577954292297,4.700325012207031
3358,precipProbability(t+1),0.0,0,0,0,0,0,0.0,8253,174.96577954292297,4.700325012207031
5037,use [kW](t+1),0.022,0,0,0,0,0,0.004,27837,187.08556079864502,4.766880035400391
5037,gen [kW](t+1),0.001,0,0,0,0,0,0.001,20914,187.08556079864502,4.766880035400391
5037,Dishwasher [kW](t+1),0.002,0,0,0,0,0,0.002,18224,187.08556079864502,4.766880035400391
5037,Furnace 1 [kW](t+1),0.006,0,0,0,0,0,0.009,25311,187.08556079864502,4.766880035400391
5037,Furnace 2 [kW](t+1),0.011,0,0,0,0,0,0.016,26390,187.08556079864502,4.766880035400391
5037,Home office [kW](t+1),0.001,0,0,0,0,0,0.002,20864,187.08556079864502,4.766880035400391
5037,Fridge [kW](t+1),0.002,0,0,0,0,0,0.003,24021,187.08556079864502,4.766880035400391
5037,Wine cellar [kW](t+1),0.001,0,0,0,0,0,0.009,20155,187.08556079864502,4.766880035400391
5037,Garage door [kW](t+1),0.0,0,0,0,0,0,0.008,18585,187.08556079864502,4.766880035400391
5037,Kitchen 12 [kW](t+1),0.001,0,0,0,0,0,0.003,16702,187.08556079864502,4.766880035400391
5037,Kitchen 14 [kW](t+1),0.003,0,0,0,0,0,0.007,18228,187.08556079864502,4.766880035400391
5037,Kitchen 38 [kW](t+1),0.0,0,0,0,0,0,0.317,192643,187.08556079864502,4.766880035400391
5037,Barn [kW](t+1),0.002,0,0,0,0,0,0.005,19958,187.08556079864502,4.766880035400391
5037,Well [kW](t+1),0.008,0,0,0,0,0,0.005,18802,187.08556079864502,4.766880035400391
5037,Microwave [kW](t+1),0.003,0,0,0,0,0,0.002,18465,187.08556079864502,4.766880035400391
5037,Living room [kW](t+1),0.001,0,0,0,0,0,0.002,19016,187.08556079864502,4.766880035400391
5037,Solar [kW](t+1),0.0,0,0,0,0,0,0.001,20914,187.08556079864502,4.766880035400391
5037,temperature(t+1),0.225,0,0,0,0,0,0.004,22541,187.08556079864502,4.766880035400391
5037,humidity(t+1),0.001,0,0,0,0,0,0.002,23522,187.08556079864502,4.766880035400391
5037,visibility(t+1),0.011,0,0,0,0,0,0.001,22369,187.08556079864502,4.766880035400391
5037,apparentTemperature(t+1),0.01,0,0,0,0,0,0.0,22443,187.08556079864502,4.766880035400391
5037,pressure(t+1),0.263,0,0,0,0,0,0.007,19635,187.08556079864502,4.766880035400391
5037,windSpeed(t+1),0.008,0,0,0,0,0,0.0,24659,187.08556079864502,4.766880035400391
5037,windBearing(t+1),0.117,0,0,0,0,0,0.0,23085,187.08556079864502,4.766880035400391
5037,precipIntensity(t+1),0.0,0,0,0,0,0,0.001,11268,187.08556079864502,4.766880035400391
5037,dewPoint(t+1),0.283,0,0,0,0,0,0.004,21487,187.08556079864502,4.766880035400391
5037,precipProbability(t+1),0.002,0,0,0,0,0,0.003,11446,187.08556079864502,4.766880035400391
6716,use [kW](t+1),0.015,0,0,0,0,0,0.004,25610,200.01866745948792,4.929836273193359
6716,gen [kW](t+1),0.001,0,0,0,0,0,0.001,18846,200.01866745948792,4.929836273193359
6716,Dishwasher [kW](t+1),0.003,0,0,0,0,0,0.003,16098,200.01866745948792,4.929836273193359
6716,Furnace 1 [kW](t+1),0.02,0,0,0,0,0,0.011,23843,200.01866745948792,4.929836273193359
6716,Furnace 2 [kW](t+1),0.034,0,0,0,0,0,0.051,23194,200.01866745948792,4.929836273193359
6716,Home office [kW](t+1),0.001,0,0,0,0,0,0.002,18638,200.01866745948792,4.929836273193359
6716,Fridge [kW](t+1),0.002,0,0,0,0,0,0.003,22183,200.01866745948792,4.929836273193359
6716,Wine cellar [kW](t+1),0.001,0,0,0,0,0,0.009,18122,200.01866745948792,4.929836273193359
6716,Garage door [kW](t+1),0.0,0,0,0,0,0,0.003,16983,200.01866745948792,4.929836273193359
6716,Kitchen 12 [kW](t+1),0.0,0,0,0,0,0,0.165,16500,200.01866745948792,4.929836273193359
6716,Kitchen 14 [kW](t+1),0.007,0,0,0,0,0,0.016,16448,200.01866745948792,4.929836273193359
6716,Kitchen 38 [kW](t+1),0.0,0,0,0,0,0,0.427,183113,200.01866745948792,4.929836273193359
6716,Barn [kW](t+1),0.016,0,0,0,0,0,0.119,17024,200.01866745948792,4.929836273193359
6716,Well [kW](t+1),0.005,0,0,0,0,0,0.004,16892,200.01866745948792,4.929836273193359
6716,Microwave [kW](t+1),0.005,0,0,0,0,0,0.003,16584,200.01866745948792,4.929836273193359
6716,Living room [kW](t+1),0.001,0,0,0,0,0,0.004,17279,200.01866745948792,4.929836273193359
6716,Solar [kW](t+1),0.001,0,0,0,0,0,0.001,18846,200.01866745948792,4.929836273193359
6716,temperature(t+1),0.016,0,0,0,0,0,0.0,20305,200.01866745948792,4.929836273193359
6716,humidity(t+1),0.001,0,0,0,0,0,0.001,21276,200.01866745948792,4.929836273193359
6716,visibility(t+1),0.004,0,0,0,0,0,0.003,18495,200.01866745948792,4.929836273193359
6716,apparentTemperature(t+1),0.007,0,0,0,0,0,0.0,20738,200.01866745948792,4.929836273193359
6716,pressure(t+1),0.074,0,0,0,0,0,0.004,17770,200.01866745948792,4.929836273193359
6716,windSpeed(t+1),0.011,0,0,0,0,0,0.001,22309,200.01866745948792,4.929836273193359
6716,windBearing(t+1),0.209,0,0,0,0,0,0.002,19929,200.01866745948792,4.929836273193359
6716,precipIntensity(t+1),0.0,0,0,0,0,0,0.004,11599,200.01866745948792,4.929836273193359
6716,dewPoint(t+1),0.026,0,0,0,0,0,0.001,19021,200.01866745948792,4.929836273193359
6716,precipProbability(t+1),0.0,0,0,0,0,0,0.0,12278,200.01866745948792,4.929836273193359
8395,use [kW](t+1),0.005,0,0,0,0,0,0.002,24894,194.891907453537,4.9567718505859375
8395,gen [kW](t+1),0.0,0,0,0,0,0,0.001,20615,194.891907453537,4.9567718505859375
8395,Dishwasher [kW](t+1),0.002,0,0,0,0,0,0.002,16104,194.891907453537,4.9567718505859375
8395,Furnace 1 [kW](t+1),0.004,0,0,0,0,0,0.006,20018,194.891907453537,4.9567718505859375
8395,Furnace 2 [kW](t+1),0.037,0,0,0,0,0,0.062,23702,194.891907453537,4.9567718505859375
8395,Home office [kW](t+1),0.001,0,0,0,0,0,0.002,19294,194.891907453537,4.9567718505859375
8395,Fridge [kW](t+1),0.002,0,0,0,0,0,0.003,22985,194.891907453537,4.9567718505859375
8395,Wine cellar [kW](t+1),0.001,0,0,0,0,0,0.005,19400,194.891907453537,4.9567718505859375
8395,Garage door [kW](t+1),0.0,0,0,0,0,0,0.001,17100,194.891907453537,4.9567718505859375
8395,Kitchen 12 [kW](t+1),0.001,0,0,0,0,0,0.461,14837,194.891907453537,4.9567718505859375
8395,Kitchen 14 [kW](t+1),0.003,0,0,0,0,0,0.002,16656,194.891907453537,4.9567718505859375
8395,Kitchen 38 [kW](t+1),0.0,0,0,0,0,0,0.359,184246,194.891907453537,4.9567718505859375
8395,Barn [kW](t+1),0.001,0,0,0,0,0,0.009,17341,194.891907453537,4.9567718505859375
8395,Well [kW](t+1),0.003,0,0,0,0,0,0.002,16986,194.891907453537,4.9567718505859375
8395,Microwave [kW](t+1),0.007,0,0,0,0,0,0.011,16720,194.891907453537,4.9567718505859375
8395,Living room [kW](t+1),0.0,0,0,0,0,0,0.001,17718,194.891907453537,4.9567718505859375
8395,Solar [kW](t+1),0.0,0,0,0,0,0,0.001,20615,194.891907453537,4.9567718505859375
8395,temperature(t+1),0.001,0,0,0,0,0,0.0,20041,194.891907453537,4.9567718505859375
8395,humidity(t+1),0.0,0,0,0,0,0,0.0,22589,194.891907453537,4.9567718505859375
8395,visibility(t+1),0.007,0,0,0,0,0,0.002,18768,194.891907453537,4.9567718505859375
8395,apparentTemperature(t+1),0.005,0,0,0,0,0,0.0,20838,194.891907453537,4.9567718505859375
8395,pressure(t+1),0.159,0,0,0,0,0,0.009,17514,194.891907453537,4.9567718505859375
8395,windSpeed(t+1),0.003,0,0,0,0,0,0.0,23590,194.891907453537,4.9567718505859375
8395,windBearing(t+1),0.081,0,0,0,0,0,0.0,21834,194.891907453537,4.9567718505859375
8395,precipIntensity(t+1),0.0,0,0,0,0,0,0.003,9393,194.891907453537,4.9567718505859375
8395,dewPoint(t+1),0.261,0,0,0,0,0,0.008,20377,194.891907453537,4.9567718505859375
8395,precipProbability(t+1),0.0,0,0,0,0,0,0.0,9420,194.891907453537,4.9567718505859375
10074,use [kW](t+1),0.01,0,0,0,0,0,0.002,23767,190.51817178726196,4.9567718505859375
10074,gen [kW](t+1),0.0,0,0,0,0,0,0.0,19051,190.51817178726196,4.9567718505859375
10074,Dishwasher [kW](t+1),0.002,0,0,0,0,0,0.001,14694,190.51817178726196,4.9567718505859375
10074,Furnace 1 [kW](t+1),0.003,0,0,0,0,0,0.005,20446,190.51817178726196,4.9567718505859375
10074,Furnace 2 [kW](t+1),0.004,0,0,0,0,0,0.006,18997,190.51817178726196,4.9567718505859375
10074,Home office [kW](t+1),0.0,0,0,0,0,0,0.0,18065,190.51817178726196,4.9567718505859375
10074,Fridge [kW](t+1),0.001,0,0,0,0,0,0.002,21944,190.51817178726196,4.9567718505859375
10074,Wine cellar [kW](t+1),0.0,0,0,0,0,0,0.001,18236,190.51817178726196,4.9567718505859375
10074,Garage door [kW](t+1),0.0,0,0,0,0,0,0.003,16112,190.51817178726196,4.9567718505859375
10074,Kitchen 12 [kW](t+1),0.0,0,0,0,0,0,0.133,15578,190.51817178726196,4.9567718505859375
10074,Kitchen 14 [kW](t+1),0.001,0,0,0,0,0,0.0,15577,190.51817178726196,4.9567718505859375
10074,Kitchen 38 [kW](t+1),0.0,0,0,0,0,0,0.287,173945,190.51817178726196,4.9567718505859375
10074,Barn [kW](t+1),0.002,0,0,0,0,0,0.013,15628,190.51817178726196,4.9567718505859375
10074,Well [kW](t+1),0.002,0,0,0,0,0,0.001,16158,190.51817178726196,4.9567718505859375
10074,Microwave [kW](t+1),0.001,0,0,0,0,0,0.0,15678,190.51817178726196,4.9567718505859375
10074,Living room [kW](t+1),0.002,0,0,0,0,0,0.007,16584,190.51817178726196,4.9567718505859375
10074,Solar [kW](t+1),0.0,0,0,0,0,0,0.0,19051,190.51817178726196,4.9567718505859375
10074,temperature(t+1),0.009,0,0,0,0,0,0.0,18727,190.51817178726196,4.9567718505859375
10074,humidity(t+1),0.0,0,0,0,0,0,0.0,18866,190.51817178726196,4.9567718505859375
10074,visibility(t+1),0.006,0,0,0,0,0,0.001,17668,190.51817178726196,4.9567718505859375
10074,apparentTemperature(t+1),0.007,0,0,0,0,0,0.0,18598,190.51817178726196,4.9567718505859375
10074,pressure(t+1),0.085,0,0,0,0,0,0.006,15721,190.51817178726196,4.9567718505859375
10074,windSpeed(t+1),0.005,0,0,0,0,0,0.0,20546,190.51817178726196,4.9567718505859375
10074,windBearing(t+1),0.031,0,0,0,0,0,0.0,18475,190.51817178726196,4.9567718505859375
10074,precipIntensity(t+1),0.0,0,0,0,0,0,0.003,11377,190.51817178726196,4.9567718505859375
10074,dewPoint(t+1),0.008,0,0,0,0,0,0.0,18035,190.51817178726196,4.9567718505859375
10074,precipProbability(t+1),0.0,0,0,0,0,0,0.0,11894,190.51817178726196,4.9567718505859375
11753,use [kW](t+1),0.01,0,0,0,0,0,0.003,24498,190.68908667564392,5.078037261962891
11753,gen [kW](t+1),0.0,0,0,0,0,0,0.001,18924,190.68908667564392,5.078037261962891
11753,Dishwasher [kW](t+1),0.001,0,0,0,0,0,0.001,15295,190.68908667564392,5.078037261962891
11753,Furnace 1 [kW](t+1),0.002,0,0,0,0,0,0.004,20201,190.68908667564392,5.078037261962891
11753,Furnace 2 [kW](t+1),0.001,0,0,0,0,0,0.001,18745,190.68908667564392,5.078037261962891
11753,Home office [kW](t+1),0.0,0,0,0,0,0,0.001,17701,190.68908667564392,5.078037261962891
11753,Fridge [kW](t+1),0.002,0,0,0,0,0,0.004,22052,190.68908667564392,5.078037261962891
11753,Wine cellar [kW](t+1),0.0,0,0,0,0,0,0.003,16557,190.68908667564392,5.078037261962891
11753,Garage door [kW](t+1),0.0,0,0,0,0,0,0.001,15398,190.68908667564392,5.078037261962891
11753,Kitchen 12 [kW](t+1),0.0,0,0,0,0,0,0.132,13527,190.68908667564392,5.078037261962891
11753,Kitchen 14 [kW](t+1),0.001,0,0,0,0,0,0.001,15150,190.68908667564392,5.078037261962891
11753,Kitchen 38 [kW](t+1),0.0,0,0,0,0,0,0.365,171557,190.68908667564392,5.078037261962891
11753,Barn [kW](t+1),0.0,0,0,0,0,0,0.0,16195,190.68908667564392,5.078037261962891
11753,Well [kW](t+1),0.004,0,0,0,0,0,0.003,15476,190.68908667564392,5.078037261962891
11753,Microwave [kW](t+1),0.001,0,0,0,0,0,0.0,14996,190.68908667564392,5.078037261962891
11753,Living room [kW](t+1),0.0,0,0,0,0,0,0.001,16002,190.68908667564392,5.078037261962891
11753,Solar [kW](t+1),0.001,0,0,0,0,0,0.003,18924,190.68908667564392,5.078037261962891
11753,temperature(t+1),0.247,0,0,0,0,0,0.012,17404,190.68908667564392,5.078037261962891
11753,humidity(t+1),0.0,0,0,0,0,0,0.0,18467,190.68908667564392,5.078037261962891
11753,visibility(t+1),0.042,0,0,0,0,0,0.005,16511,190.68908667564392,5.078037261962891
11753,apparentTemperature(t+1),0.665,0,0,0,0,0,0.026,17799,190.68908667564392,5.078037261962891
11753,pressure(t+1),0.096,0,0,0,0,0,0.004,15459,190.68908667564392,5.078037261962891
11753,windSpeed(t+1),0.017,0,0,0,0,0,0.001,19899,190.68908667564392,5.078037261962891
11753,windBearing(t+1),0.514,0,0,0,0,0,0.001,17706,190.68908667564392,5.078037261962891
11753,precipIntensity(t+1),0.0,0,0,0,0,0,0.003,11157,190.68908667564392,5.078037261962891
11753,dewPoint(t+1),0.234,0,0,0,0,0,0.013,17032,190.68908667564392,5.078037261962891
11753,precipProbability(t+1),0.0,0,0,0,0,0,0.0,11502,190.68908667564392,5.078037261962891
13432,use [kW](t+1),0.012,0,0,0,0,0,0.003,28896,192.58183670043945,5.078037261962891
13432,gen [kW](t+1),0.001,0,0,0,0,0,0.001,22627,192.58183670043945,5.078037261962891
13432,Dishwasher [kW](t+1),0.001,0,0,0,0,0,0.001,18635,192.58183670043945,5.078037261962891
13432,Furnace 1 [kW](t+1),0.004,0,0,0,0,0,0.003,25547,192.58183670043945,5.078037261962891
13432,Furnace 2 [kW](t+1),0.011,0,0,0,0,0,0.017,25233,192.58183670043945,5.078037261962891
13432,Home office [kW](t+1),0.0,0,0,0,0,0,0.0,22164,192.58183670043945,5.078037261962891
13432,Fridge [kW](t+1),0.001,0,0,0,0,0,0.001,25158,192.58183670043945,5.078037261962891
13432,Wine cellar [kW](t+1),0.0,0,0,0,0,0,0.001,22099,192.58183670043945,5.078037261962891
13432,Garage door [kW](t+1),0.0,0,0,0,0,0,0.001,19500,192.58183670043945,5.078037261962891
13432,Kitchen 12 [kW](t+1),0.0,0,0,0,0,0,0.304,16984,192.58183670043945,5.078037261962891
13432,Kitchen 14 [kW](t+1),0.003,0,0,0,0,0,0.003,18962,192.58183670043945,5.078037261962891
13432,Kitchen 38 [kW](t+1),0.0,0,0,0,0,0,0.265,202763,192.58183670043945,5.078037261962891
13432,Barn [kW](t+1),0.005,0,0,0,0,0,0.001,19796,192.58183670043945,5.078037261962891
13432,Well [kW](t+1),0.003,0,0,0,0,0,0.002,19452,192.58183670043945,5.078037261962891
13432,Microwave [kW](t+1),0.001,0,0,0,0,0,0.001,19198,192.58183670043945,5.078037261962891
13432,Living room [kW](t+1),0.003,0,0,0,0,0,0.009,20414,192.58183670043945,5.078037261962891
13432,Solar [kW](t+1),0.0,0,0,0,0,0,0.001,22627,192.58183670043945,5.078037261962891
13432,temperature(t+1),0.062,0,0,0,0,0,0.001,22595,192.58183670043945,5.078037261962891
13432,humidity(t+1),0.003,0,0,0,0,0,0.005,22901,192.58183670043945,5.078037261962891
13432,visibility(t+1),0.01,0,0,0,0,0,0.254,20224,192.58183670043945,5.078037261962891
13432,apparentTemperature(t+1),0.064,0,0,0,0,0,0.001,22811,192.58183670043945,5.078037261962891
13432,pressure(t+1),0.114,0,0,0,0,0,0.009,19670,192.58183670043945,5.078037261962891
13432,windSpeed(t+1),0.002,0,0,0,0,0,0.0,24702,192.58183670043945,5.078037261962891
13432,windBearing(t+1),0.024,0,0,0,0,0,0.0,22247,192.58183670043945,5.078037261962891
13432,precipIntensity(t+1),0.0,0,0,0,0,0,0.0,12679,192.58183670043945,5.078037261962891
13432,dewPoint(t+1),0.014,0,0,0,0,0,0.001,21465,192.58183670043945,5.078037261962891
13432,precipProbability(t+1),0.0,0,0,0,0,0,0.0,13320,192.58183670043945,5.078037261962891
15111,use [kW](t+1),0.028,0,0,0,0,0,0.005,20632,606.3788290023804,6.565784454345703
15111,gen [kW](t+1),0.0,0,0,0,0,0,0.001,18239,606.3788290023804,6.565784454345703
15111,Dishwasher [kW](t+1),0.002,0,0,0,0,0,0.001,13488,606.3788290023804,6.565784454345703
15111,Furnace 1 [kW](t+1),0.002,0,0,0,0,0,0.004,16378,606.3788290023804,6.565784454345703
15111,Furnace 2 [kW](t+1),0.003,0,0,0,0,0,0.005,16133,606.3788290023804,6.565784454345703
15111,Home office [kW](t+1),0.0,0,0,0,0,0,0.0,17087,606.3788290023804,6.565784454345703
15111,Fridge [kW](t+1),0.001,0,0,0,0,0,0.001,20798,606.3788290023804,6.565784454345703
15111,Wine cellar [kW](t+1),0.0,0,0,0,0,0,0.003,16774,606.3788290023804,6.565784454345703
15111,Garage door [kW](t+1),0.0,0,0,0,0,0,0.0,15816,606.3788290023804,6.565784454345703
15111,Kitchen 12 [kW](t+1),0.0,0,0,0,0,0,0.145,220120,606.3788290023804,6.565784454345703
15111,Kitchen 14 [kW](t+1),0.001,0,0,0,0,0,0.001,14983,606.3788290023804,6.565784454345703
15111,Kitchen 38 [kW](t+1),0.0,0,0,0,0,0,0.252,172960,606.3788290023804,6.565784454345703
15111,Barn [kW](t+1),0.006,0,0,0,0,0,0.024,15226,606.3788290023804,6.565784454345703
15111,Well [kW](t+1),0.003,0,0,0,0,0,0.002,15368,606.3788290023804,6.565784454345703
15111,Microwave [kW](t+1),0.003,0,0,0,0,0,0.002,15279,606.3788290023804,6.565784454345703
15111,Living room [kW](t+1),0.009,0,0,0,0,0,0.027,15715,606.3788290023804,6.565784454345703
15111,Solar [kW](t+1),0.0,0,0,0,0,0,0.0,18239,606.3788290023804,6.565784454345703
15111,temperature(t+1),0.019,0,0,0,0,0,0.001,17459,606.3788290023804,6.565784454345703
15111,humidity(t+1),0.0,0,0,0,0,0,0.0,18251,606.3788290023804,6.565784454345703
15111,visibility(t+1),0.015,0,0,0,0,0,0.059,16170,606.3788290023804,6.565784454345703
15111,apparentTemperature(t+1),0.03,0,0,0,0,0,0.001,17588,606.3788290023804,6.565784454345703
15111,pressure(t+1),0.208,0,0,0,0,0,0.015,15256,606.3788290023804,6.565784454345703
15111,windSpeed(t+1),0.009,0,0,0,0,0,0.001,19358,606.3788290023804,6.565784454345703
15111,windBearing(t+1),0.085,0,0,0,0,0,0.0,18342,606.3788290023804,6.565784454345703
15111,precipIntensity(t+1),0.0,0,0,0,0,0,0.01,9353,606.3788290023804,6.565784454345703
15111,dewPoint(t+1),0.019,0,0,0,0,0,0.001,17202,606.3788290023804,6.565784454345703
15111,precipProbability(t+1),0.0,0,0,0,0,0,0.0,9637,606.3788290023804,6.565784454345703
16790,use [kW](t+1),0.006,0,0,0,0,0,0.001,20060,747.8341886997223,6.599735260009766
16790,gen [kW](t+1),0.0,0,0,0,0,0,0.0,16811,747.8341886997223,6.599735260009766
16790,Dishwasher [kW](t+1),0.0,0,0,0,0,0,0.0,13206,747.8341886997223,6.599735260009766
16790,Furnace 1 [kW](t+1),0.001,0,0,0,0,0,0.0,17582,747.8341886997223,6.599735260009766
16790,Furnace 2 [kW](t+1),0.0,0,0,0,0,0,0.001,17031,747.8341886997223,6.599735260009766
16790,Home office [kW](t+1),0.001,0,0,0,0,0,0.001,16239,747.8341886997223,6.599735260009766
16790,Fridge [kW](t+1),0.002,0,0,0,0,0,0.003,19540,747.8341886997223,6.599735260009766
16790,Wine cellar [kW](t+1),0.0,0,0,0,0,0,0.002,14622,747.8341886997223,6.599735260009766
16790,Garage door [kW](t+1),0.001,0,0,0,0,0,0.01,14240,747.8341886997223,6.599735260009766
16790,Kitchen 12 [kW](t+1),0.0,0,0,0,0,0,0.22,196457,747.8341886997223,6.599735260009766
16790,Kitchen 14 [kW](t+1),0.001,0,0,0,0,0,0.0,13537,747.8341886997223,6.599735260009766
16790,Kitchen 38 [kW](t+1),0.0,0,0,0,0,0,0.282,154282,747.8341886997223,6.599735260009766
16790,Barn [kW](t+1),0.002,0,0,0,0,0,0.0,14064,747.8341886997223,6.599735260009766
16790,Well [kW](t+1),0.001,0,0,0,0,0,0.0,13746,747.8341886997223,6.599735260009766
16790,Microwave [kW](t+1),0.002,0,0,0,0,0,0.007,13750,747.8341886997223,6.599735260009766
16790,Living room [kW](t+1),0.002,0,0,0,0,0,0.006,14446,747.8341886997223,6.599735260009766
16790,Solar [kW](t+1),0.0,0,0,0,0,0,0.001,16811,747.8341886997223,6.599735260009766
16790,temperature(t+1),0.143,0,0,0,0,0,0.003,16091,747.8341886997223,6.599735260009766
16790,humidity(t+1),0.006,0,0,0,0,0,0.009,15938,747.8341886997223,6.599735260009766
16790,visibility(t+1),0.001,0,0,0,0,0,0.003,17143,747.8341886997223,6.599735260009766
16790,apparentTemperature(t+1),0.167,0,0,0,0,0,0.003,16682,747.8341886997223,6.599735260009766
16790,pressure(t+1),0.064,0,0,0,0,0,0.007,13810,747.8341886997223,6.599735260009766
16790,windSpeed(t+1),0.036,0,0,0,0,0,0.002,17913,747.8341886997223,6.599735260009766
16790,windBearing(t+1),0.232,0,0,0,0,0,0.001,16942,747.8341886997223,6.599735260009766
16790,precipIntensity(t+1),0.0,0,0,0,0,0,0.0,11188,747.8341886997223,6.599735260009766
16790,dewPoint(t+1),0.0,0,0,0,0,0,0.0,15611,747.8341886997223,6.599735260009766
16790,precipProbability(t+1),0.0,0,0,0,0,0,0.0,12999,747.8341886997223,6.599735260009766
18469,use [kW](t+1),0.012,0,0,0,0,0,0.002,17329,354.6853699684143,6.599735260009766
18469,gen [kW](t+1),0.001,0,0,0,0,0,0.003,17133,354.6853699684143,6.599735260009766
18469,Dishwasher [kW](t+1),0.002,0,0,0,0,0,0.002,11994,354.6853699684143,6.599735260009766
18469,Furnace 1 [kW](t+1),0.001,0,0,0,0,0,0.002,15243,354.6853699684143,6.599735260009766
18469,Furnace 2 [kW](t+1),0.007,0,0,0,0,0,0.011,13986,354.6853699684143,6.599735260009766
18469,Home office [kW](t+1),0.001,0,0,0,0,0,0.002,14915,354.6853699684143,6.599735260009766
18469,Fridge [kW](t+1),0.006,0,0,0,0,0,0.01,18033,354.6853699684143,6.599735260009766
18469,Wine cellar [kW](t+1),0.001,0,0,0,0,0,0.007,14510,354.6853699684143,6.599735260009766
18469,Garage door [kW](t+1),0.0,0,0,0,0,0,0.002,13655,354.6853699684143,6.599735260009766
18469,Kitchen 12 [kW](t+1),0.001,0,0,0,0,0,0.406,12420,354.6853699684143,6.599735260009766
18469,Kitchen 14 [kW](t+1),0.003,0,0,0,0,0,0.002,12451,354.6853699684143,6.599735260009766
18469,Kitchen 38 [kW](t+1),0.0,0,0,0,0,0,0.255,142092,354.6853699684143,6.599735260009766
18469,Barn [kW](t+1),0.014,0,0,0,0,0,0.002,13290,354.6853699684143,6.599735260009766
18469,Well [kW](t+1),0.003,0,0,0,0,0,0.002,12740,354.6853699684143,6.599735260009766
18469,Microwave [kW](t+1),0.003,0,0,0,0,0,0.002,12608,354.6853699684143,6.599735260009766
18469,Living room [kW](t+1),0.002,0,0,0,0,0,0.006,13445,354.6853699684143,6.599735260009766
18469,Solar [kW](t+1),0.0,0,0,0,0,0,0.001,17133,354.6853699684143,6.599735260009766
18469,temperature(t+1),0.047,0,0,0,0,0,0.001,16024,354.6853699684143,6.599735260009766
18469,humidity(t+1),0.0,0,0,0,0,0,0.001,16494,354.6853699684143,6.599735260009766
18469,visibility(t+1),0.005,0,0,0,0,0,0.001,13813,354.6853699684143,6.599735260009766
18469,apparentTemperature(t+1),0.043,0,0,0,0,0,0.001,15780,354.6853699684143,6.599735260009766
18469,pressure(t+1),0.031,0,0,0,0,0,0.005,12659,354.6853699684143,6.599735260009766
18469,windSpeed(t+1),0.048,0,0,0,0,0,0.005,17001,354.6853699684143,6.599735260009766
18469,windBearing(t+1),0.084,0,0,0,0,0,0.0,16213,354.6853699684143,6.599735260009766
18469,precipIntensity(t+1),0.0,0,0,0,0,0,0.002,7747,354.6853699684143,6.599735260009766
18469,dewPoint(t+1),0.0,0,0,0,0,0,0.0,14953,354.6853699684143,6.599735260009766
18469,precipProbability(t+1),0.0,0,0,0,0,0,0.0,8002,354.6853699684143,6.599735260009766
20148,use [kW](t+1),0.002,0,0,0,0,0,0.001,21890,1412.7492485046387,6.599735260009766
20148,gen [kW](t+1),0.0,0,0,0,0,0,0.0,20099,1412.7492485046387,6.599735260009766
20148,Dishwasher [kW](t+1),0.001,0,0,0,0,0,10.89,12976,1412.7492485046387,6.599735260009766
20148,Furnace 1 [kW](t+1),0.001,0,0,0,0,0,0.005,16114,1412.7492485046387,6.599735260009766
20148,Furnace 2 [kW](t+1),0.0,0,0,0,0,0,0.005,18972,1412.7492485046387,6.599735260009766
20148,Home office [kW](t+1),0.0,0,0,0,0,0,0.034,16409,1412.7492485046387,6.599735260009766
20148,Fridge [kW](t+1),0.002,0,0,0,0,0,0.011,20810,1412.7492485046387,6.599735260009766
20148,Wine cellar [kW](t+1),0.0,0,0,0,0,0,0.003,18326,1412.7492485046387,6.599735260009766
20148,Garage door [kW](t+1),0.0,0,0,0,0,0,0.092,15929,1412.7492485046387,6.599735260009766
20148,Kitchen 12 [kW](t+1),0.0,0,0,0,0,0,1.11,233567,1412.7492485046387,6.599735260009766
20148,Kitchen 14 [kW](t+1),0.0,0,0,0,0,0,4.244,15235,1412.7492485046387,6.599735260009766
20148,Kitchen 38 [kW](t+1),0.0,0,0,0,0,0,0.23,172029,1412.7492485046387,6.599735260009766
20148,Barn [kW](t+1),0.001,0,0,0,0,0,0.001,15810,1412.7492485046387,6.599735260009766
20148,Well [kW](t+1),0.001,0,0,0,0,0,1.073,15800,1412.7492485046387,6.599735260009766
20148,Microwave [kW](t+1),0.0,0,0,0,0,0,0.074,15730,1412.7492485046387,6.599735260009766
20148,Living room [kW](t+1),0.001,0,0,0,0,0,1.652,16016,1412.7492485046387,6.599735260009766
20148,Solar [kW](t+1),0.0,0,0,0,0,0,0.0,20099,1412.7492485046387,6.599735260009766
20148,temperature(t+1),0.006,0,0,0,0,0,0.0,18874,1412.7492485046387,6.599735260009766
20148,humidity(t+1),0.0,0,0,0,0,0,0.0,19468,1412.7492485046387,6.599735260009766
20148,visibility(t+1),0.004,0,0,0,0,0,0.0,18178,1412.7492485046387,6.599735260009766
20148,apparentTemperature(t+1),0.003,0,0,0,0,0,0.0,18714,1412.7492485046387,6.599735260009766
20148,pressure(t+1),0.032,0,0,0,0,0,0.002,15975,1412.7492485046387,6.599735260009766
20148,windSpeed(t+1),0.001,0,0,0,0,0,0.0,20429,1412.7492485046387,6.599735260009766
20148,windBearing(t+1),0.007,0,0,0,0,0,0.0,19459,1412.7492485046387,6.599735260009766
20148,precipIntensity(t+1),0.0,0,0,0,0,0,0.001,9029,1412.7492485046387,6.599735260009766
20148,dewPoint(t+1),0.001,0,0,0,0,0,0.0,18223,1412.7492485046387,6.599735260009766
20148,precipProbability(t+1),0.001,0,0,0,0,0,0.001,9154,1412.7492485046387,6.599735260009766
21827,use [kW](t+1),0.009,0,0,0,0,0,0.003,23840,404.62560296058655,6.599735260009766
21827,gen [kW](t+1),0.001,0,0,0,0,0,0.001,22620,404.62560296058655,6.599735260009766
21827,Dishwasher [kW](t+1),0.001,0,0,0,0,0,0.001,16116,404.62560296058655,6.599735260009766
21827,Furnace 1 [kW](t+1),0.002,0,0,0,0,0,0.002,19296,404.62560296058655,6.599735260009766
21827,Furnace 2 [kW](t+1),0.0,0,0,0,0,0,0.005,22816,404.62560296058655,6.599735260009766
21827,Home office [kW](t+1),0.0,0,0,0,0,0,0.001,21109,404.62560296058655,6.599735260009766
21827,Fridge [kW](t+1),0.001,0,0,0,0,0,0.002,24813,404.62560296058655,6.599735260009766
21827,Wine cellar [kW](t+1),0.002,0,0,0,0,0,0.012,22596,404.62560296058655,6.599735260009766
21827,Garage door [kW](t+1),0.001,0,0,0,0,0,0.047,19219,404.62560296058655,6.599735260009766
21827,Kitchen 12 [kW](t+1),0.0,0,0,0,0,0,0.182,17221,404.62560296058655,6.599735260009766
21827,Kitchen 14 [kW](t+1),0.004,0,0,0,0,0,0.002,18338,404.62560296058655,6.599735260009766
21827,Kitchen 38 [kW](t+1),0.0,0,0,0,0,0,0.253,184699,404.62560296058655,6.599735260009766
21827,Barn [kW](t+1),0.007,0,0,0,0,0,0.011,19339,404.62560296058655,6.599735260009766
21827,Well [kW](t+1),0.006,0,0,0,0,0,0.003,19086,404.62560296058655,6.599735260009766
21827,Microwave [kW](t+1),0.003,0,0,0,0,0,5.127,18804,404.62560296058655,6.599735260009766
21827,Living room [kW](t+1),0.001,0,0,0,0,0,0.003,19460,404.62560296058655,6.599735260009766
21827,Solar [kW](t+1),0.001,0,0,0,0,0,0.001,22620,404.62560296058655,6.599735260009766
21827,temperature(t+1),0.011,0,0,0,0,0,0.0,21685,404.62560296058655,6.599735260009766
21827,humidity(t+1),0.0,0,0,0,0,0,0.001,22130,404.62560296058655,6.599735260009766
21827,visibility(t+1),0.01,0,0,0,0,0,0.027,19744,404.62560296058655,6.599735260009766
21827,apparentTemperature(t+1),0.005,0,0,0,0,0,0.0,21639,404.62560296058655,6.599735260009766
21827,pressure(t+1),0.114,0,0,0,0,0,0.011,19053,404.62560296058655,6.599735260009766
21827,windSpeed(t+1),0.002,0,0,0,0,0,0.0,23259,404.62560296058655,6.599735260009766
21827,windBearing(t+1),3.275,0,0,0,0,0,0.009,22034,404.62560296058655,6.599735260009766
21827,precipIntensity(t+1),0.0,0,0,0,0,0,0.006,11294,404.62560296058655,6.599735260009766
21827,dewPoint(t+1),0.043,0,0,0,0,0,0.004,20763,404.62560296058655,6.599735260009766
21827,precipProbability(t+1),0.0,0,0,0,0,0,0.001,11644,404.62560296058655,6.599735260009766
23506,use [kW](t+1),0.004,0,0,0,0,0,0.001,21506,340.6793293952942,6.599735260009766
23506,gen [kW](t+1),0.0,0,0,0,0,0,0.0,20511,340.6793293952942,6.599735260009766
23506,Dishwasher [kW](t+1),0.0,0,0,0,0,0,0.0,14988,340.6793293952942,6.599735260009766
23506,Furnace 1 [kW](t+1),0.001,0,0,0,0,0,0.004,17092,340.6793293952942,6.599735260009766
23506,Furnace 2 [kW](t+1),0.0,0,0,0,0,0,0.004,21292,340.6793293952942,6.599735260009766
23506,Home office [kW](t+1),0.0,0,0,0,0,0,0.001,19145,340.6793293952942,6.599735260009766
23506,Fridge [kW](t+1),0.0,0,0,0,0,0,0.0,22581,340.6793293952942,6.599735260009766
23506,Wine cellar [kW](t+1),0.0,0,0,0,0,0,0.001,19615,340.6793293952942,6.599735260009766
23506,Garage door [kW](t+1),0.0,0,0,0,0,0,0.001,17516,340.6793293952942,6.599735260009766
23506,Kitchen 12 [kW](t+1),0.001,0,0,0,0,0,0.701,15450,340.6793293952942,6.599735260009766
23506,Kitchen 14 [kW](t+1),0.001,0,0,0,0,0,0.0,16771,340.6793293952942,6.599735260009766
23506,Kitchen 38 [kW](t+1),0.0,0,0,0,0,0,0.251,172136,340.6793293952942,6.599735260009766
23506,Barn [kW](t+1),0.002,0,0,0,0,0,0.001,17359,340.6793293952942,6.599735260009766
23506,Well [kW](t+1),0.001,0,0,0,0,0,0.001,17462,340.6793293952942,6.599735260009766
23506,Microwave [kW](t+1),0.0,0,0,0,0,0,0.0,17068,340.6793293952942,6.599735260009766
23506,Living room [kW](t+1),0.0,0,0,0,0,0,0.0,17783,340.6793293952942,6.599735260009766
23506,Solar [kW](t+1),0.0,0,0,0,0,0,0.001,20511,340.6793293952942,6.599735260009766
23506,temperature(t+1),0.015,0,0,0,0,0,0.001,20135,340.6793293952942,6.599735260009766
23506,humidity(t+1),0.0,0,0,0,0,0,0.0,20358,340.6793293952942,6.599735260009766
23506,visibility(t+1),0.003,0,0,0,0,0,0.001,17960,340.6793293952942,6.599735260009766
23506,apparentTemperature(t+1),0.009,0,0,0,0,0,0.0,20040,340.6793293952942,6.599735260009766
23506,pressure(t+1),0.152,0,0,0,0,0,0.017,17213,340.6793293952942,6.599735260009766
23506,windSpeed(t+1),0.003,0,0,0,0,0,0.0,20951,340.6793293952942,6.599735260009766
23506,windBearing(t+1),0.116,0,0,0,0,0,0.001,19844,340.6793293952942,6.599735260009766
23506,precipIntensity(t+1),0.0,0,0,0,0,0,0.002,9106,340.6793293952942,6.599735260009766
23506,dewPoint(t+1),0.0,0,0,0,0,0,0.0,18904,340.6793293952942,6.599735260009766
23506,precipProbability(t+1),0.0,0,0,0,0,0,0.0,9106,340.6793293952942,6.599735260009766
25185,use [kW](t+1),0.005,0,0,0,0,0,0.001,21553,1410.5970861911774,6.599735260009766
25185,gen [kW](t+1),0.0,0,0,0,0,0,0.001,21294,1410.5970861911774,6.599735260009766
25185,Dishwasher [kW](t+1),0.002,0,0,0,0,0,0.001,15608,1410.5970861911774,6.599735260009766
25185,Furnace 1 [kW](t+1),0.003,0,0,0,0,0,0.002,18456,1410.5970861911774,6.599735260009766
25185,Furnace 2 [kW](t+1),0.0,0,0,0,0,0,0.009,21871,1410.5970861911774,6.599735260009766
25185,Home office [kW](t+1),0.0,0,0,0,0,0,0.001,20112,1410.5970861911774,6.599735260009766
25185,Fridge [kW](t+1),0.002,0,0,0,0,0,0.002,23500,1410.5970861911774,6.599735260009766
25185,Wine cellar [kW](t+1),0.001,0,0,0,0,0,0.005,20568,1410.5970861911774,6.599735260009766
25185,Garage door [kW](t+1),0.0,0,0,0,0,0,0.001,18308,1410.5970861911774,6.599735260009766
25185,Kitchen 12 [kW](t+1),0.0,0,0,0,0,0,0.315,262638,1410.5970861911774,6.599735260009766
25185,Kitchen 14 [kW](t+1),0.004,0,0,0,0,0,0.008,17593,1410.5970861911774,6.599735260009766
25185,Kitchen 38 [kW](t+1),0.0,0,0,0,0,0,0.351,186753,1410.5970861911774,6.599735260009766
25185,Barn [kW](t+1),0.009,0,0,0,0,0,0.002,17989,1410.5970861911774,6.599735260009766
25185,Well [kW](t+1),0.008,0,0,0,0,0,0.005,18160,1410.5970861911774,6.599735260009766
25185,Microwave [kW](t+1),0.003,0,0,0,0,0,0.006,17856,1410.5970861911774,6.599735260009766
25185,Living room [kW](t+1),0.001,0,0,0,0,0,0.003,15150,1410.5970861911774,6.599735260009766
25185,Solar [kW](t+1),0.0,0,0,0,0,0,0.0,21294,1410.5970861911774,6.599735260009766
25185,temperature(t+1),0.077,0,0,0,0,0,0.004,20803,1410.5970861911774,6.599735260009766
25185,humidity(t+1),0.001,0,0,0,0,0,0.002,21624,1410.5970861911774,6.599735260009766
25185,visibility(t+1),0.004,0,0,0,0,0,0.001,19890,1410.5970861911774,6.599735260009766
25185,apparentTemperature(t+1),0.009,0,0,0,0,0,0.001,20690,1410.5970861911774,6.599735260009766
25185,pressure(t+1),0.236,0,0,0,0,0,0.025,18229,1410.5970861911774,6.599735260009766
25185,windSpeed(t+1),0.004,0,0,0,0,0,0.0,22803,1410.5970861911774,6.599735260009766
25185,windBearing(t+1),0.02,0,0,0,0,0,0.0,21754,1410.5970861911774,6.599735260009766
25185,precipIntensity(t+1),0.0,0,0,0,0,0,0.004,11094,1410.5970861911774,6.599735260009766
25185,dewPoint(t+1),0.005,0,0,0,0,0,0.001,20192,1410.5970861911774,6.599735260009766
25185,precipProbability(t+1),0.0,0,0,0,0,0,0.0,11263,1410.5970861911774,6.599735260009766
26864,use [kW](t+1),0.074,0,0,0,0,0,0.006,22088,380.5867998600006,6.599735260009766
26864,gen [kW](t+1),0.001,0,0,0,0,0,0.001,21764,380.5867998600006,6.599735260009766
26864,Dishwasher [kW](t+1),0.003,0,0,0,0,0,0.002,15485,380.5867998600006,6.599735260009766
26864,Furnace 1 [kW](t+1),0.01,0,0,0,0,0,0.007,19346,380.5867998600006,6.599735260009766
26864,Furnace 2 [kW](t+1),0.006,0,0,0,0,0,0.009,19119,380.5867998600006,6.599735260009766
26864,Home office [kW](t+1),0.008,0,0,0,0,0,0.015,20546,380.5867998600006,6.599735260009766
26864,Fridge [kW](t+1),0.001,0,0,0,0,0,0.002,23587,380.5867998600006,6.599735260009766
26864,Wine cellar [kW](t+1),0.004,0,0,0,0,0,0.008,21635,380.5867998600006,6.599735260009766
26864,Garage door [kW](t+1),0.001,0,0,0,0,0,0.001,18458,380.5867998600006,6.599735260009766
26864,Kitchen 12 [kW](t+1),0.0,0,0,0,0,0,0.078,19047,380.5867998600006,6.599735260009766
26864,Kitchen 14 [kW](t+1),0.003,0,0,0,0,0,0.002,17989,380.5867998600006,6.599735260009766
26864,Kitchen 38 [kW](t+1),0.0,0,0,0,0,0,0.355,178490,380.5867998600006,6.599735260009766
26864,Barn [kW](t+1),0.007,0,0,0,0,0,0.016,18502,380.5867998600006,6.599735260009766
26864,Well [kW](t+1),0.018,0,0,0,0,0,0.013,18590,380.5867998600006,6.599735260009766
26864,Microwave [kW](t+1),0.004,0,0,0,0,0,0.002,18224,380.5867998600006,6.599735260009766
26864,Living room [kW](t+1),0.001,0,0,0,0,0,0.003,17454,380.5867998600006,6.599735260009766
26864,Solar [kW](t+1),0.001,0,0,0,0,0,0.001,21764,380.5867998600006,6.599735260009766
26864,temperature(t+1),0.031,0,0,0,0,0,0.001,21097,380.5867998600006,6.599735260009766
26864,humidity(t+1),0.0,0,0,0,0,0,0.0,21836,380.5867998600006,6.599735260009766
26864,visibility(t+1),0.005,0,0,0,0,0,0.002,19946,380.5867998600006,6.599735260009766
26864,apparentTemperature(t+1),0.012,0,0,0,0,0,0.0,21282,380.5867998600006,6.599735260009766
26864,pressure(t+1),0.274,0,0,0,0,0,0.02,18491,380.5867998600006,6.599735260009766
26864,windSpeed(t+1),0.016,0,0,0,0,0,0.001,23196,380.5867998600006,6.599735260009766
26864,windBearing(t+1),0.601,0,0,0,0,0,0.002,22163,380.5867998600006,6.599735260009766
26864,precipIntensity(t+1),0.0,0,0,0,0,0,0.015,10628,380.5867998600006,6.599735260009766
26864,dewPoint(t+1),0.015,0,0,0,0,0,0.001,20434,380.5867998600006,6.599735260009766
26864,precipProbability(t+1),0.002,0,0,0,0,0,0.007,10881,380.5867998600006,6.599735260009766
28543,use [kW](t+1),0.056,0,0,0,0,0,0.005,22164,342.94028186798096,6.599735260009766
28543,gen [kW](t+1),0.0,0,0,0,0,0,0.001,21789,342.94028186798096,6.599735260009766
28543,Dishwasher [kW](t+1),0.001,0,0,0,0,0,0.001,16564,342.94028186798096,6.599735260009766
28543,Furnace 1 [kW](t+1),0.006,0,0,0,0,0,0.009,19226,342.94028186798096,6.599735260009766
28543,Furnace 2 [kW](t+1),0.0,0,0,0,0,0,0.0,19093,342.94028186798096,6.599735260009766
28543,Home office [kW](t+1),0.0,0,0,0,0,0,0.0,20106,342.94028186798096,6.599735260009766
28543,Fridge [kW](t+1),0.001,0,0,0,0,0,0.002,23216,342.94028186798096,6.599735260009766
28543,Wine cellar [kW](t+1),0.0,0,0,0,0,0,0.001,22545,342.94028186798096,6.599735260009766
28543,Garage door [kW](t+1),0.0,0,0,0,0,0,0.003,17877,342.94028186798096,6.599735260009766
28543,Kitchen 12 [kW](t+1),0.0,0,0,0,0,0,0.297,17906,342.94028186798096,6.599735260009766
28543,Kitchen 14 [kW](t+1),0.001,0,0,0,0,0,0.002,17529,342.94028186798096,6.599735260009766
28543,Kitchen 38 [kW](t+1),0.0,0,0,0,0,0,0.237,183623,342.94028186798096,6.599735260009766
28543,Barn [kW](t+1),0.0,0,0,0,0,0,0.001,18359,342.94028186798096,6.599735260009766
28543,Well [kW](t+1),0.002,0,0,0,0,0,0.001,17886,342.94028186798096,6.599735260009766
28543,Microwave [kW](t+1),0.003,0,0,0,0,0,0.002,17757,342.94028186798096,6.599735260009766
28543,Living room [kW](t+1),0.002,0,0,0,0,0,0.005,18424,342.94028186798096,6.599735260009766
28543,Solar [kW](t+1),0.0,0,0,0,0,0,0.0,21789,342.94028186798096,6.599735260009766
28543,temperature(t+1),0.039,0,0,0,0,0,0.001,20947,342.94028186798096,6.599735260009766
28543,humidity(t+1),0.0,0,0,0,0,0,0.0,21903,342.94028186798096,6.599735260009766
28543,visibility(t+1),0.009,0,0,0,0,0,0.001,20240,342.94028186798096,6.599735260009766
28543,apparentTemperature(t+1),0.037,0,0,0,0,0,0.001,20729,342.94028186798096,6.599735260009766
28543,pressure(t+1),0.148,0,0,0,0,0,0.017,18222,342.94028186798096,6.599735260009766
28543,windSpeed(t+1),0.001,0,0,0,0,0,0.0,22957,342.94028186798096,6.599735260009766
28543,windBearing(t+1),0.108,0,0,0,0,0,0.0,21900,342.94028186798096,6.599735260009766
28543,precipIntensity(t+1),0.0,0,0,0,0,0,0.006,13047,342.94028186798096,6.599735260009766
28543,dewPoint(t+1),0.004,0,0,0,0,0,0.0,21066,342.94028186798096,6.599735260009766
28543,precipProbability(t+1),0.0,0,0,0,0,0,0.001,14031,342.94028186798096,6.599735260009766
30222,use [kW](t+1),0.006,0,0,0,0,0,0.001,20434,336.33040475845337,6.599735260009766
30222,gen [kW](t+1),0.0,0,0,0,0,0,0.0,19817,336.33040475845337,6.599735260009766
30222,Dishwasher [kW](t+1),0.001,0,0,0,0,0,0.001,13912,336.33040475845337,6.599735260009766
30222,Furnace 1 [kW](t+1),0.01,0,0,0,0,0,0.008,17371,336.33040475845337,6.599735260009766
30222,Furnace 2 [kW](t+1),0.0,0,0,0,0,0,0.0,16906,336.33040475845337,6.599735260009766
30222,Home office [kW](t+1),0.0,0,0,0,0,0,0.001,18943,336.33040475845337,6.599735260009766
30222,Fridge [kW](t+1),0.001,0,0,0,0,0,0.001,20828,336.33040475845337,6.599735260009766
30222,Wine cellar [kW](t+1),0.0,0,0,0,0,0,0.002,20018,336.33040475845337,6.599735260009766
30222,Garage door [kW](t+1),0.0,0,0,0,0,0,0.002,17366,336.33040475845337,6.599735260009766
30222,Kitchen 12 [kW](t+1),0.0,0,0,0,0,0,0.001,15921,336.33040475845337,6.599735260009766
30222,Kitchen 14 [kW](t+1),0.002,0,0,0,0,0,0.002,16002,336.33040475845337,6.599735260009766
30222,Kitchen 38 [kW](t+1),0.0,0,0,0,0,0,0.245,161015,336.33040475845337,6.599735260009766
30222,Barn [kW](t+1),0.005,0,0,0,0,0,0.013,16212,336.33040475845337,6.599735260009766
30222,Well [kW](t+1),0.002,0,0,0,0,0,0.001,16236,336.33040475845337,6.599735260009766
30222,Microwave [kW](t+1),0.033,0,0,0,0,0,0.018,16140,336.33040475845337,6.599735260009766
30222,Living room [kW](t+1),0.002,0,0,0,0,0,0.005,16854,336.33040475845337,6.599735260009766
30222,Solar [kW](t+1),0.0,0,0,0,0,0,0.001,19817,336.33040475845337,6.599735260009766
30222,temperature(t+1),0.045,0,0,0,0,0,0.002,18418,336.33040475845337,6.599735260009766
30222,humidity(t+1),0.0,0,0,0,0,0,0.0,18920,336.33040475845337,6.599735260009766
30222,visibility(t+1),0.001,0,0,0,0,0,0.001,17924,336.33040475845337,6.599735260009766
30222,apparentTemperature(t+1),0.024,0,0,0,0,0,0.001,18221,336.33040475845337,6.599735260009766
30222,pressure(t+1),0.089,0,0,0,0,0,0.007,16226,336.33040475845337,6.599735260009766
30222,windSpeed(t+1),0.018,0,0,0,0,0,0.001,20800,336.33040475845337,6.599735260009766
30222,windBearing(t+1),0.374,0,0,0,0,0,0.001,19157,336.33040475845337,6.599735260009766
30222,precipIntensity(t+1),0.0,0,0,0,0,0,0.001,11594,336.33040475845337,6.599735260009766
30222,dewPoint(t+1),0.007,0,0,0,0,0,0.001,17725,336.33040475845337,6.599735260009766
30222,precipProbability(t+1),0.0,0,0,0,0,0,0.0,12069,336.33040475845337,6.599735260009766
31901,use [kW](t+1),0.114,0,0,0,0,0,0.01,24658,329.95072650909424,6.599735260009766
31901,gen [kW](t+1),0.0,0,0,0,0,0,0.0,22769,329.95072650909424,6.599735260009766
31901,Dishwasher [kW](t+1),0.004,0,0,0,0,0,0.003,15532,329.95072650909424,6.599735260009766
31901,Furnace 1 [kW](t+1),0.029,0,0,0,0,0,0.016,21262,329.95072650909424,6.599735260009766
31901,Furnace 2 [kW](t+1),0.015,0,0,0,0,0,0.022,19942,329.95072650909424,6.599735260009766
31901,Home office [kW](t+1),0.002,0,0,0,0,0,0.005,20653,329.95072650909424,6.599735260009766
31901,Fridge [kW](t+1),0.001,0,0,0,0,0,0.002,22225,329.95072650909424,6.599735260009766
31901,Wine cellar [kW](t+1),0.0,0,0,0,0,0,0.003,23149,329.95072650909424,6.599735260009766
31901,Garage door [kW](t+1),0.001,0,0,0,0,0,0.003,16917,329.95072650909424,6.599735260009766
31901,Kitchen 12 [kW](t+1),0.003,0,0,0,0,0,1.157,16598,329.95072650909424,6.599735260009766
31901,Kitchen 14 [kW](t+1),0.008,0,0,0,0,0,0.007,16530,329.95072650909424,6.599735260009766
31901,Kitchen 38 [kW](t+1),0.0,0,0,0,0,0,0.35,164304,329.95072650909424,6.599735260009766
31901,Barn [kW](t+1),0.0,0,0,0,0,0,0.0,17687,329.95072650909424,6.599735260009766
31901,Well [kW](t+1),0.006,0,0,0,0,0,0.005,16770,329.95072650909424,6.599735260009766
31901,Microwave [kW](t+1),0.005,0,0,0,0,0,0.002,16592,329.95072650909424,6.599735260009766
31901,Living room [kW](t+1),0.004,0,0,0,0,0,0.012,17714,329.95072650909424,6.599735260009766
31901,Solar [kW](t+1),0.002,0,0,0,0,0,0.004,22769,329.95072650909424,6.599735260009766
31901,temperature(t+1),0.033,0,0,0,0,0,0.001,20986,329.95072650909424,6.599735260009766
31901,humidity(t+1),0.0,0,0,0,0,0,0.0,22332,329.95072650909424,6.599735260009766
31901,visibility(t+1),0.001,0,0,0,0,0,0.001,19920,329.95072650909424,6.599735260009766
31901,apparentTemperature(t+1),0.031,0,0,0,0,0,0.001,20944,329.95072650909424,6.599735260009766
31901,pressure(t+1),0.147,0,0,0,0,0,0.02,17289,329.95072650909424,6.599735260009766
31901,windSpeed(t+1),0.021,0,0,0,0,0,0.002,24135,329.95072650909424,6.599735260009766
31901,windBearing(t+1),0.326,0,0,0,0,0,0.001,23417,329.95072650909424,6.599735260009766
31901,precipIntensity(t+1),0.0,0,0,0,0,0,0.007,9706,329.95072650909424,6.599735260009766
31901,dewPoint(t+1),0.007,0,0,0,0,0,0.001,20485,329.95072650909424,6.599735260009766
31901,precipProbability(t+1),0.0,0,0,0,0,0,0.001,10099,329.95072650909424,6.599735260009766
33580,use [kW](t+1),0.031,0,0,0,0,0,0.005,18589,328.28464341163635,6.599735260009766
33580,gen [kW](t+1),0.0,0,0,0,0,0,0.0,18279,328.28464341163635,6.599735260009766
33580,Dishwasher [kW](t+1),0.001,0,0,0,0,0,0.0,13156,328.28464341163635,6.599735260009766
33580,Furnace 1 [kW](t+1),0.002,0,0,0,0,0,0.004,15852,328.28464341163635,6.599735260009766
33580,Furnace 2 [kW](t+1),0.0,0,0,0,0,0,0.0,15303,328.28464341163635,6.599735260009766
33580,Home office [kW](t+1),0.0,0,0,0,0,0,0.0,17391,328.28464341163635,6.599735260009766
33580,Fridge [kW](t+1),0.001,0,0,0,0,0,0.002,19863,328.28464341163635,6.599735260009766
33580,Wine cellar [kW](t+1),0.001,0,0,0,0,0,0.005,21144,328.28464341163635,6.599735260009766
33580,Garage door [kW](t+1),0.0,0,0,0,0,0,0.0,14678,328.28464341163635,6.599735260009766
33580,Kitchen 12 [kW](t+1),0.0,0,0,0,0,0,0.121,14324,328.28464341163635,6.599735260009766
33580,Kitchen 14 [kW](t+1),0.002,0,0,0,0,0,0.003,14224,328.28464341163635,6.599735260009766
33580,Kitchen 38 [kW](t+1),0.0,0,0,0,0,0,0.335,156514,328.28464341163635,6.599735260009766
33580,Barn [kW](t+1),0.0,0,0,0,0,0,0.002,14806,328.28464341163635,6.599735260009766
33580,Well [kW](t+1),0.001,0,0,0,0,0,0.0,14710,328.28464341163635,6.599735260009766
33580,Microwave [kW](t+1),0.001,0,0,0,0,0,0.001,14414,328.28464341163635,6.599735260009766
33580,Living room [kW](t+1),0.0,0,0,0,0,0,0.001,14145,328.28464341163635,6.599735260009766
33580,Solar [kW](t+1),0.001,0,0,0,0,0,0.002,18279,328.28464341163635,6.599735260009766
33580,temperature(t+1),0.003,0,0,0,0,0,0.0,17051,328.28464341163635,6.599735260009766
33580,humidity(t+1),0.0,0,0,0,0,0,0.0,17683,328.28464341163635,6.599735260009766
33580,visibility(t+1),0.003,0,0,0,0,0,0.001,16744,328.28464341163635,6.599735260009766
33580,apparentTemperature(t+1),0.154,0,0,0,0,0,0.007,17111,328.28464341163635,6.599735260009766
33580,pressure(t+1),0.059,0,0,0,0,0,0.006,14498,328.28464341163635,6.599735260009766
33580,windSpeed(t+1),0.0,0,0,0,0,0,0.0,18718,328.28464341163635,6.599735260009766
33580,windBearing(t+1),0.0,0,0,0,0,0,0.0,16954,328.28464341163635,6.599735260009766
33580,precipIntensity(t+1),0.0,0,0,0,0,0,0.001,8893,328.28464341163635,6.599735260009766
33580,dewPoint(t+1),0.0,0,0,0,0,0,0.0,16140,328.28464341163635,6.599735260009766
33580,precipProbability(t+1),0.0,0,0,0,0,0,0.0,8898,328.28464341163635,6.599735260009766
35259,use [kW](t+1),0.013,0,0,0,0,0,0.002,22179,328.3661262989044,6.599735260009766
35259,gen [kW](t+1),0.0,0,0,0,0,0,0.001,21780,328.3661262989044,6.599735260009766
35259,Dishwasher [kW](t+1),0.002,0,0,0,0,0,0.002,15943,328.3661262989044,6.599735260009766
35259,Furnace 1 [kW](t+1),0.002,0,0,0,0,0,0.001,19164,328.3661262989044,6.599735260009766
35259,Furnace 2 [kW](t+1),0.001,0,0,0,0,0,0.001,18992,328.3661262989044,6.599735260009766
35259,Home office [kW](t+1),0.001,0,0,0,0,0,0.001,21280,328.3661262989044,6.599735260009766
35259,Fridge [kW](t+1),0.001,0,0,0,0,0,0.001,24256,328.3661262989044,6.599735260009766
35259,Wine cellar [kW](t+1),0.001,0,0,0,0,0,0.004,23671,328.3661262989044,6.599735260009766
35259,Garage door [kW](t+1),0.0,0,0,0,0,0,0.004,19051,328.3661262989044,6.599735260009766
35259,Kitchen 12 [kW](t+1),0.002,0,0,0,0,0,0.002,18899,328.3661262989044,6.599735260009766
35259,Kitchen 14 [kW](t+1),0.003,0,0,0,0,0,0.002,18477,328.3661262989044,6.599735260009766
35259,Kitchen 38 [kW](t+1),0.0,0,0,0,0,0,0.248,189588,328.3661262989044,6.599735260009766
35259,Barn [kW](t+1),0.016,0,0,0,0,0,0.003,18804,328.3661262989044,6.599735260009766
35259,Well [kW](t+1),0.015,0,0,0,0,0,0.009,18725,328.3661262989044,6.599735260009766
35259,Microwave [kW](t+1),0.004,0,0,0,0,0,0.002,18498,328.3661262989044,6.599735260009766
35259,Living room [kW](t+1),0.0,0,0,0,0,0,0.001,19512,328.3661262989044,6.599735260009766
35259,Solar [kW](t+1),0.0,0,0,0,0,0,0.001,21780,328.3661262989044,6.599735260009766
35259,temperature(t+1),0.04,0,0,0,0,0,0.001,21451,328.3661262989044,6.599735260009766
35259,humidity(t+1),0.0,0,0,0,0,0,0.0,22068,328.3661262989044,6.599735260009766
35259,visibility(t+1),0.003,0,0,0,0,0,0.0,20575,328.3661262989044,6.599735260009766
35259,apparentTemperature(t+1),0.025,0,0,0,0,0,0.001,21422,328.3661262989044,6.599735260009766
35259,pressure(t+1),0.226,0,0,0,0,0,0.024,18857,328.3661262989044,6.599735260009766
35259,windSpeed(t+1),0.003,0,0,0,0,0,0.0,23087,328.3661262989044,6.599735260009766
35259,windBearing(t+1),0.116,0,0,0,0,0,0.0,21820,328.3661262989044,6.599735260009766
35259,precipIntensity(t+1),0.0,0,0,0,0,0,0.0,11180,328.3661262989044,6.599735260009766
35259,dewPoint(t+1),0.0,0,0,0,0,0,0.0,20458,328.3661262989044,6.599735260009766
35259,precipProbability(t+1),0.0,0,0,0,0,0,0.0,11425,328.3661262989044,6.599735260009766
36938,use [kW](t+1),0.0,0,0,0,0,0,0.0,19275,1375.5314538478851,6.599735260009766
36938,gen [kW](t+1),0.0,0,0,0,0,0,0.0,16646,1375.5314538478851,6.599735260009766
36938,Dishwasher [kW](t+1),0.0,0,0,0,0,0,0.0,11887,1375.5314538478851,6.599735260009766
36938,Furnace 1 [kW](t+1),0.0,0,0,0,0,0,0.0,13754,1375.5314538478851,6.599735260009766
36938,Furnace 2 [kW](t+1),0.0,0,0,0,0,0,0.004,16030,1375.5314538478851,6.599735260009766
36938,Home office [kW](t+1),0.0,0,0,0,0,0,0.0,15480,1375.5314538478851,6.599735260009766
36938,Fridge [kW](t+1),0.001,0,0,0,0,0,0.002,18935,1375.5314538478851,6.599735260009766
36938,Wine cellar [kW](t+1),0.001,0,0,0,0,0,0.006,18617,1375.5314538478851,6.599735260009766
36938,Garage door [kW](t+1),0.0,0,0,0,0,0,0.001,13296,1375.5314538478851,6.599735260009766
36938,Kitchen 12 [kW](t+1),0.0,0,0,0,0,0,0.196,190435,1375.5314538478851,6.599735260009766
36938,Kitchen 14 [kW](t+1),0.001,0,0,0,0,0,0.001,13015,1375.5314538478851,6.599735260009766
36938,Kitchen 38 [kW](t+1),0.0,0,0,0,0,0,0.331,143766,1375.5314538478851,6.599735260009766
36938,Barn [kW](t+1),0.001,0,0,0,0,0,0.0,13681,1375.5314538478851,6.599735260009766
36938,Well [kW](t+1),0.001,0,0,0,0,0,0.001,13354,1375.5314538478851,6.599735260009766
36938,Microwave [kW](t+1),0.0,0,0,0,0,0,0.0,13117,1375.5314538478851,6.599735260009766
36938,Living room [kW](t+1),0.0,0,0,0,0,0,0.001,13964,1375.5314538478851,6.599735260009766
36938,Solar [kW](t+1),0.0,0,0,0,0,0,0.0,16646,1375.5314538478851,6.599735260009766
36938,temperature(t+1),0.001,0,0,0,0,0,0.0,15364,1375.5314538478851,6.599735260009766
36938,humidity(t+1),0.0,0,0,0,0,0,0.0,16017,1375.5314538478851,6.599735260009766
36938,visibility(t+1),0.001,0,0,0,0,0,0.0,15867,1375.5314538478851,6.599735260009766
36938,apparentTemperature(t+1),0.017,0,0,0,0,0,0.001,15570,1375.5314538478851,6.599735260009766
36938,pressure(t+1),0.128,0,0,0,0,0,0.009,13328,1375.5314538478851,6.599735260009766
36938,windSpeed(t+1),0.01,0,0,0,0,0,0.001,17789,1375.5314538478851,6.599735260009766
36938,windBearing(t+1),0.046,0,0,0,0,0,0.0,15523,1375.5314538478851,6.599735260009766
36938,precipIntensity(t+1),0.0,0,0,0,0,0,0.001,8833,1375.5314538478851,6.599735260009766
36938,dewPoint(t+1),0.0,0,0,0,0,0,0.0,15188,1375.5314538478851,6.599735260009766
36938,precipProbability(t+1),0.0,0,0,0,0,0,0.0,9100,1375.5314538478851,6.599735260009766
38617,use [kW](t+1),0.015,0,0,0,0,0,0.005,23835,359.49871468544006,6.599735260009766
38617,gen [kW](t+1),0.0,0,0,0,0,0,0.001,19602,359.49871468544006,6.599735260009766
38617,Dishwasher [kW](t+1),0.0,0,0,0,0,0,0.0,15064,359.49871468544006,6.599735260009766
38617,Furnace 1 [kW](t+1),0.001,0,0,0,0,0,0.009,17564,359.49871468544006,6.599735260009766
38617,Furnace 2 [kW](t+1),0.0,0,0,0,0,0,0.015,17667,359.49871468544006,6.599735260009766
38617,Home office [kW](t+1),0.0,0,0,0,0,0,0.001,19778,359.49871468544006,6.599735260009766
38617,Fridge [kW](t+1),0.0,0,0,0,0,0,0.001,23330,359.49871468544006,6.599735260009766
38617,Wine cellar [kW](t+1),0.0,0,0,0,0,0,0.001,19874,359.49871468544006,6.599735260009766
38617,Garage door [kW](t+1),0.0,0,0,0,0,0,0.005,16860,359.49871468544006,6.599735260009766
38617,Kitchen 12 [kW](t+1),0.0,0,0,0,0,0,0.067,16648,359.49871468544006,6.599735260009766
38617,Kitchen 14 [kW](t+1),0.0,0,0,0,0,0,0.0,16377,359.49871468544006,6.599735260009766
38617,Kitchen 38 [kW](t+1),0.0,0,0,0,0,0,0.358,171601,359.49871468544006,6.599735260009766
38617,Barn [kW](t+1),0.001,0,0,0,0,0,0.004,16926,359.49871468544006,6.599735260009766
38617,Well [kW](t+1),0.001,0,0,0,0,0,0.001,16842,359.49871468544006,6.599735260009766
38617,Microwave [kW](t+1),0.0,0,0,0,0,0,0.0,16883,359.49871468544006,6.599735260009766
38617,Living room [kW](t+1),0.004,0,0,0,0,0,0.012,18134,359.49871468544006,6.599735260009766
38617,Solar [kW](t+1),0.001,0,0,0,0,0,0.002,19602,359.49871468544006,6.599735260009766
38617,temperature(t+1),0.021,0,0,0,0,0,0.0,19363,359.49871468544006,6.599735260009766
38617,humidity(t+1),0.0,0,0,0,0,0,0.0,19659,359.49871468544006,6.599735260009766
38617,visibility(t+1),0.001,0,0,0,0,0,0.0,18725,359.49871468544006,6.599735260009766
38617,apparentTemperature(t+1),0.003,0,0,0,0,0,0.0,19669,359.49871468544006,6.599735260009766
38617,pressure(t+1),0.159,0,0,0,0,0,0.007,16570,359.49871468544006,6.599735260009766
38617,windSpeed(t+1),0.001,0,0,0,0,0,0.0,21089,359.49871468544006,6.599735260009766
38617,windBearing(t+1),0.013,0,0,0,0,0,0.0,20279,359.49871468544006,6.599735260009766
38617,precipIntensity(t+1),0.0,0,0,0,0,0,0.004,9926,359.49871468544006,6.599735260009766
38617,dewPoint(t+1),0.009,0,0,0,0,0,0.0,18905,359.49871468544006,6.599735260009766
38617,precipProbability(t+1),0.0,0,0,0,0,0,0.0,10052,359.49871468544006,6.599735260009766
40296,use [kW](t+1),0.007,0,0,0,0,0,0.001,18789,763.8609354496002,6.599735260009766
40296,gen [kW](t+1),0.0,0,0,0,0,0,0.001,14062,763.8609354496002,6.599735260009766
40296,Dishwasher [kW](t+1),0.001,0,0,0,0,0,0.0,10841,763.8609354496002,6.599735260009766
40296,Furnace 1 [kW](t+1),0.002,0,0,0,0,0,0.016,12468,763.8609354496002,6.599735260009766
40296,Furnace 2 [kW](t+1),0.028,0,0,0,0,0,0.048,13097,763.8609354496002,6.599735260009766
40296,Home office [kW](t+1),0.0,0,0,0,0,0,0.0,13982,763.8609354496002,6.599735260009766
40296,Fridge [kW](t+1),0.002,0,0,0,0,0,0.004,18257,763.8609354496002,6.599735260009766
40296,Wine cellar [kW](t+1),0.001,0,0,0,0,0,0.008,14311,763.8609354496002,6.599735260009766
40296,Garage door [kW](t+1),0.0,0,0,0,0,0,0.001,11984,763.8609354496002,6.599735260009766
40296,Kitchen 12 [kW](t+1),0.0,0,0,0,0,0,0.003,167812,763.8609354496002,6.599735260009766
40296,Kitchen 14 [kW](t+1),0.002,0,0,0,0,0,0.002,11655,763.8609354496002,6.599735260009766
40296,Kitchen 38 [kW](t+1),0.0,0,0,0,0,0,0.343,127936,763.8609354496002,6.599735260009766
40296,Barn [kW](t+1),0.002,0,0,0,0,0,0.0,11827,763.8609354496002,6.599735260009766
40296,Well [kW](t+1),0.002,0,0,0,0,0,0.001,11930,763.8609354496002,6.599735260009766
40296,Microwave [kW](t+1),0.003,0,0,0,0,0,0.002,11772,763.8609354496002,6.599735260009766
40296,Living room [kW](t+1),0.001,0,0,0,0,0,0.004,12529,763.8609354496002,6.599735260009766
40296,Solar [kW](t+1),0.0,0,0,0,0,0,0.001,14062,763.8609354496002,6.599735260009766
40296,temperature(t+1),0.003,0,0,0,0,0,0.0,13574,763.8609354496002,6.599735260009766
40296,humidity(t+1),0.0,0,0,0,0,0,0.0,14795,763.8609354496002,6.599735260009766
40296,visibility(t+1),0.002,0,0,0,0,0,0.0,13758,763.8609354496002,6.599735260009766
40296,apparentTemperature(t+1),0.001,0,0,0,0,0,0.0,13653,763.8609354496002,6.599735260009766
40296,pressure(t+1),0.056,0,0,0,0,0,0.003,11960,763.8609354496002,6.599735260009766
40296,windSpeed(t+1),0.023,0,0,0,0,0,0.001,16248,763.8609354496002,6.599735260009766
40296,windBearing(t+1),0.037,0,0,0,0,0,0.0,14324,763.8609354496002,6.599735260009766
40296,precipIntensity(t+1),0.0,0,0,0,0,0,0.001,8295,763.8609354496002,6.599735260009766
40296,dewPoint(t+1),0.003,0,0,0,0,0,0.0,13143,763.8609354496002,6.599735260009766
40296,precipProbability(t+1),0.0,0,0,0,0,0,0.0,8739,763.8609354496002,6.599735260009766
41975,use [kW](t+1),0.018,0,0,0,0,0,0.004,23894,222.6750771999359,6.599735260009766
41975,gen [kW](t+1),0.001,0,0,0,0,0,0.002,19523,222.6750771999359,6.599735260009766
41975,Dishwasher [kW](t+1),0.014,0,0,0,0,0,0.01,15682,222.6750771999359,6.599735260009766
41975,Furnace 1 [kW](t+1),0.005,0,0,0,0,0,0.011,21148,222.6750771999359,6.599735260009766
41975,Furnace 2 [kW](t+1),0.008,0,0,0,0,0,0.014,18863,222.6750771999359,6.599735260009766
41975,Home office [kW](t+1),0.002,0,0,0,0,0,0.006,20088,222.6750771999359,6.599735260009766
41975,Fridge [kW](t+1),0.002,0,0,0,0,0,0.004,22452,222.6750771999359,6.599735260009766
41975,Wine cellar [kW](t+1),0.001,0,0,0,0,0,0.007,18537,222.6750771999359,6.599735260009766
41975,Garage door [kW](t+1),0.001,0,0,0,0,0,0.006,17574,222.6750771999359,6.599735260009766
41975,Kitchen 12 [kW](t+1),0.001,0,0,0,0,0,0.541,16989,222.6750771999359,6.599735260009766
41975,Kitchen 14 [kW](t+1),0.011,0,0,0,0,0,0.056,16788,222.6750771999359,6.599735260009766
41975,Kitchen 38 [kW](t+1),0.0,0,0,0,0,0,0.407,162806,222.6750771999359,6.599735260009766
41975,Barn [kW](t+1),0.012,0,0,0,0,0,0.003,17385,222.6750771999359,6.599735260009766
41975,Well [kW](t+1),0.02,0,0,0,0,0,0.013,17020,222.6750771999359,6.599735260009766
41975,Microwave [kW](t+1),0.006,0,0,0,0,0,0.003,16952,222.6750771999359,6.599735260009766
41975,Living room [kW](t+1),0.002,0,0,0,0,0,0.007,18074,222.6750771999359,6.599735260009766
41975,Solar [kW](t+1),0.001,0,0,0,0,0,0.002,19523,222.6750771999359,6.599735260009766
41975,temperature(t+1),0.011,0,0,0,0,0,0.0,20295,222.6750771999359,6.599735260009766
41975,humidity(t+1),0.0,0,0,0,0,0,0.001,21087,222.6750771999359,6.599735260009766
41975,visibility(t+1),0.002,0,0,0,0,0,0.001,18702,222.6750771999359,6.599735260009766
41975,apparentTemperature(t+1),0.031,0,0,0,0,0,0.001,20826,222.6750771999359,6.599735260009766
41975,pressure(t+1),0.192,0,0,0,0,0,0.012,17196,222.6750771999359,6.599735260009766
41975,windSpeed(t+1),0.01,0,0,0,0,0,0.001,22497,222.6750771999359,6.599735260009766
41975,windBearing(t+1),0.212,0,0,0,0,0,0.001,20467,222.6750771999359,6.599735260009766
41975,precipIntensity(t+1),0.0,0,0,0,0,0,0.023,9882,222.6750771999359,6.599735260009766
41975,dewPoint(t+1),0.051,0,0,0,0,0,0.002,19471,222.6750771999359,6.599735260009766
41975,precipProbability(t+1),0.0,0,0,0,0,0,0.001,9861,222.6750771999359,6.599735260009766
43654,use [kW](t+1),0.007,0,0,0,0,0,0.003,21397,174.50916743278503,6.599735260009766
43654,gen [kW](t+1),0.0,0,0,0,0,0,0.0,17302,174.50916743278503,6.599735260009766
43654,Dishwasher [kW](t+1),0.002,0,0,0,0,0,0.001,13165,174.50916743278503,6.599735260009766
43654,Furnace 1 [kW](t+1),0.003,0,0,0,0,0,0.005,17195,174.50916743278503,6.599735260009766
43654,Furnace 2 [kW](t+1),0.0,0,0,0,0,0,0.0,16931,174.50916743278503,6.599735260009766
43654,Home office [kW](t+1),0.002,0,0,0,0,0,0.004,16652,174.50916743278503,6.599735260009766
43654,Fridge [kW](t+1),0.001,0,0,0,0,0,0.002,20864,174.50916743278503,6.599735260009766
43654,Wine cellar [kW](t+1),0.0,0,0,0,0,0,0.001,15262,174.50916743278503,6.599735260009766
43654,Garage door [kW](t+1),0.0,0,0,0,0,0,0.001,14890,174.50916743278503,6.599735260009766
43654,Kitchen 12 [kW](t+1),0.001,0,0,0,0,0,0.478,13207,174.50916743278503,6.599735260009766
43654,Kitchen 14 [kW](t+1),0.002,0,0,0,0,0,0.002,14232,174.50916743278503,6.599735260009766
43654,Kitchen 38 [kW](t+1),0.0,0,0,0,0,0,0.254,159211,174.50916743278503,6.599735260009766
43654,Barn [kW](t+1),0.006,0,0,0,0,0,0.008,14484,174.50916743278503,6.599735260009766
43654,Well [kW](t+1),0.006,0,0,0,0,0,0.004,14656,174.50916743278503,6.599735260009766
43654,Microwave [kW](t+1),0.008,0,0,0,0,0,0.007,14460,174.50916743278503,6.599735260009766
43654,Living room [kW](t+1),0.002,0,0,0,0,0,0.004,15592,174.50916743278503,6.599735260009766
43654,Solar [kW](t+1),0.0,0,0,0,0,0,0.001,17302,174.50916743278503,6.599735260009766
43654,temperature(t+1),0.005,0,0,0,0,0,0.0,17196,174.50916743278503,6.599735260009766
43654,humidity(t+1),0.0,0,0,0,0,0,0.001,17254,174.50916743278503,6.599735260009766
43654,visibility(t+1),0.002,0,0,0,0,0,0.0,16573,174.50916743278503,6.599735260009766
43654,apparentTemperature(t+1),0.01,0,0,0,0,0,0.001,17500,174.50916743278503,6.599735260009766
43654,pressure(t+1),0.196,0,0,0,0,0,0.006,14505,174.50916743278503,6.599735260009766
43654,windSpeed(t+1),0.002,0,0,0,0,0,0.0,18991,174.50916743278503,6.599735260009766
43654,windBearing(t+1),0.186,0,0,0,0,0,0.001,17315,174.50916743278503,6.599735260009766
43654,precipIntensity(t+1),0.0,0,0,0,0,0,0.033,9248,174.50916743278503,6.599735260009766
43654,dewPoint(t+1),0.025,0,0,0,0,0,0.005,16467,174.50916743278503,6.599735260009766
43654,precipProbability(t+1),0.0,0,0,0,0,0,0.018,9649,174.50916743278503,6.599735260009766
45333,use [kW](t+1),0.014,0,0,0,0,0,0.004,23438,172.49199295043945,6.599735260009766
45333,gen [kW](t+1),0.0,0,0,0,0,0,0.001,16664,172.49199295043945,6.599735260009766
45333,Dishwasher [kW](t+1),0.003,0,0,0,0,0,0.002,13030,172.49199295043945,6.599735260009766
45333,Furnace 1 [kW](t+1),0.006,0,0,0,0,0,0.009,19413,172.49199295043945,6.599735260009766
45333,Furnace 2 [kW](t+1),0.008,0,0,0,0,0,0.013,18137,172.49199295043945,6.599735260009766
45333,Home office [kW](t+1),0.001,0,0,0,0,0,0.002,16664,172.49199295043945,6.599735260009766
45333,Fridge [kW](t+1),0.001,0,0,0,0,0,0.002,20881,172.49199295043945,6.599735260009766
45333,Wine cellar [kW](t+1),0.0,0,0,0,0,0,0.0,17158,172.49199295043945,6.599735260009766
45333,Garage door [kW](t+1),0.0,0,0,0,0,0,0.001,15514,172.49199295043945,6.599735260009766
45333,Kitchen 12 [kW](t+1),0.0,0,0,0,0,0,0.0,13229,172.49199295043945,6.599735260009766
45333,Kitchen 14 [kW](t+1),0.002,0,0,0,0,0,0.005,14690,172.49199295043945,6.599735260009766
45333,Kitchen 38 [kW](t+1),0.0,0,0,0,0,0,0.253,155052,172.49199295043945,6.599735260009766
45333,Barn [kW](t+1),0.003,0,0,0,0,0,0.034,15772,172.49199295043945,6.599735260009766
45333,Well [kW](t+1),0.005,0,0,0,0,0,0.003,15032,172.49199295043945,6.599735260009766
45333,Microwave [kW](t+1),0.002,0,0,0,0,0,0.001,14788,172.49199295043945,6.599735260009766
45333,Living room [kW](t+1),0.0,0,0,0,0,0,0.001,15580,172.49199295043945,6.599735260009766
45333,Solar [kW](t+1),0.0,0,0,0,0,0,0.001,16664,172.49199295043945,6.599735260009766
45333,temperature(t+1),0.009,0,0,0,0,0,0.001,17477,172.49199295043945,6.599735260009766
45333,humidity(t+1),0.0,0,0,0,0,0,0.001,17482,172.49199295043945,6.599735260009766
45333,visibility(t+1),0.003,0,0,0,0,0,0.0,17287,172.49199295043945,6.599735260009766
45333,apparentTemperature(t+1),0.009,0,0,0,0,0,0.001,18072,172.49199295043945,6.599735260009766
45333,pressure(t+1),0.113,0,0,0,0,0,0.009,15009,172.49199295043945,6.599735260009766
45333,windSpeed(t+1),0.0,0,0,0,0,0,0.0,19744,172.49199295043945,6.599735260009766
45333,windBearing(t+1),0.804,0,0,0,0,0,0.002,18133,172.49199295043945,6.599735260009766
45333,precipIntensity(t+1),0.0,0,0,0,0,0,0.007,10305,172.49199295043945,6.599735260009766
45333,dewPoint(t+1),0.02,0,0,0,0,0,0.001,16835,172.49199295043945,6.599735260009766
45333,precipProbability(t+1),0.0,0,0,0,0,0,0.0,10651,172.49199295043945,6.599735260009766
47012,use [kW](t+1),0.007,0,0,0,0,0,0.002,23137,165.20710587501526,6.599735260009766
47012,gen [kW](t+1),0.0,0,0,0,0,0,0.001,17134,165.20710587501526,6.599735260009766
47012,Dishwasher [kW](t+1),0.0,0,0,0,0,0,0.0,14573,165.20710587501526,6.599735260009766
47012,Furnace 1 [kW](t+1),0.005,0,0,0,0,0,0.009,21364,165.20710587501526,6.599735260009766
47012,Furnace 2 [kW](t+1),0.013,0,0,0,0,0,0.021,20282,165.20710587501526,6.599735260009766
47012,Home office [kW](t+1),0.0,0,0,0,0,0,0.0,17595,165.20710587501526,6.599735260009766
47012,Fridge [kW](t+1),0.001,0,0,0,0,0,0.005,20789,165.20710587501526,6.599735260009766
47012,Wine cellar [kW](t+1),0.0,0,0,0,0,0,0.001,15837,165.20710587501526,6.599735260009766
47012,Garage door [kW](t+1),0.0,0,0,0,0,0,0.005,15498,165.20710587501526,6.599735260009766
47012,Kitchen 12 [kW](t+1),0.0,0,0,0,0,0,0.003,13607,165.20710587501526,6.599735260009766
47012,Kitchen 14 [kW](t+1),0.002,0,0,0,0,0,0.002,14806,165.20710587501526,6.599735260009766
47012,Kitchen 38 [kW](t+1),0.0,0,0,0,0,0,0.333,153746,165.20710587501526,6.599735260009766
47012,Barn [kW](t+1),0.005,0,0,0,0,0,0.017,15200,165.20710587501526,6.599735260009766
47012,Well [kW](t+1),0.002,0,0,0,0,0,0.001,15228,165.20710587501526,6.599735260009766
47012,Microwave [kW](t+1),0.002,0,0,0,0,0,0.001,15077,165.20710587501526,6.599735260009766
47012,Living room [kW](t+1),0.0,0,0,0,0,0,0.0,15828,165.20710587501526,6.599735260009766
47012,Solar [kW](t+1),0.0,0,0,0,0,0,0.001,17134,165.20710587501526,6.599735260009766
47012,temperature(t+1),0.114,0,0,0,0,0,0.003,18334,165.20710587501526,6.599735260009766
47012,humidity(t+1),0.0,0,0,0,0,0,0.0,18910,165.20710587501526,6.599735260009766
47012,visibility(t+1),0.011,0,0,0,0,0,0.001,17448,165.20710587501526,6.599735260009766
47012,apparentTemperature(t+1),0.233,0,0,0,0,0,0.004,18653,165.20710587501526,6.599735260009766
47012,pressure(t+1),0.07,0,0,0,0,0,0.003,15611,165.20710587501526,6.599735260009766
47012,windSpeed(t+1),0.052,0,0,0,0,0,0.003,19669,165.20710587501526,6.599735260009766
47012,windBearing(t+1),0.027,0,0,0,0,0,0.0,18803,165.20710587501526,6.599735260009766
47012,precipIntensity(t+1),0.0,0,0,0,0,0,0.002,9171,165.20710587501526,6.599735260009766
47012,dewPoint(t+1),0.129,0,0,0,0,0,0.002,17460,165.20710587501526,6.599735260009766
47012,precipProbability(t+1),0.001,0,0,0,0,0,0.001,9337,165.20710587501526,6.599735260009766
48691,use [kW](t+1),0.014,0,0,0,0,0,0.004,29876,160.08988451957703,6.599735260009766
48691,gen [kW](t+1),0.0,0,0,0,0,0,0.001,22690,160.08988451957703,6.599735260009766
48691,Dishwasher [kW](t+1),0.005,0,0,0,0,0,0.003,19530,160.08988451957703,6.599735260009766
48691,Furnace 1 [kW](t+1),0.025,0,0,0,0,0,0.04,28853,160.08988451957703,6.599735260009766
48691,Furnace 2 [kW](t+1),0.014,0,0,0,0,0,0.023,26782,160.08988451957703,6.599735260009766
48691,Home office [kW](t+1),0.001,0,0,0,0,0,0.007,22453,160.08988451957703,6.599735260009766
48691,Fridge [kW](t+1),0.002,0,0,0,0,0,0.003,25925,160.08988451957703,6.599735260009766
48691,Wine cellar [kW](t+1),0.0,0,0,0,0,0,0.003,22421,160.08988451957703,6.599735260009766
48691,Garage door [kW](t+1),0.001,0,0,0,0,0,0.005,20561,160.08988451957703,6.599735260009766
48691,Kitchen 12 [kW](t+1),0.001,0,0,0,0,0,1.341,18111,160.08988451957703,6.599735260009766
48691,Kitchen 14 [kW](t+1),0.002,0,0,0,0,0,0.005,20118,160.08988451957703,6.599735260009766
48691,Kitchen 38 [kW](t+1),0.0,0,0,0,0,0,0.244,188434,160.08988451957703,6.599735260009766
48691,Barn [kW](t+1),0.002,0,0,0,0,0,0.031,21668,160.08988451957703,6.599735260009766
48691,Well [kW](t+1),0.002,0,0,0,0,0,0.001,20514,160.08988451957703,6.599735260009766
48691,Microwave [kW](t+1),0.003,0,0,0,0,0,0.002,20294,160.08988451957703,6.599735260009766
48691,Living room [kW](t+1),0.001,0,0,0,0,0,0.002,21412,160.08988451957703,6.599735260009766
48691,Solar [kW](t+1),0.0,0,0,0,0,0,0.002,22690,160.08988451957703,6.599735260009766
48691,temperature(t+1),0.027,0,0,0,0,0,0.002,24017,160.08988451957703,6.599735260009766
48691,humidity(t+1),0.0,0,0,0,0,0,0.0,25583,160.08988451957703,6.599735260009766
48691,visibility(t+1),0.002,0,0,0,0,0,0.0,22013,160.08988451957703,6.599735260009766
48691,apparentTemperature(t+1),0.029,0,0,0,0,0,0.002,24343,160.08988451957703,6.599735260009766
48691,pressure(t+1),0.165,0,0,0,0,0,0.006,21220,160.08988451957703,6.599735260009766
48691,windSpeed(t+1),0.006,0,0,0,0,0,0.0,26491,160.08988451957703,6.599735260009766
48691,windBearing(t+1),0.19,0,0,0,0,0,0.001,24319,160.08988451957703,6.599735260009766
48691,precipIntensity(t+1),0.0,0,0,0,0,0,0.002,11901,160.08988451957703,6.599735260009766
48691,dewPoint(t+1),0.011,0,0,0,0,0,0.001,23363,160.08988451957703,6.599735260009766
48691,precipProbability(t+1),0.001,0,0,0,0,0,0.001,12512,160.08988451957703,6.599735260009766
