window,time_step,rmse,mae,r2,fb,nrmse,num_params
0,use [kW](t),33.151025798608536,33.03407442588699,-2281.6953303522437,-2.14217838482516,3.02734993373376,172827
0,gen [kW](t),43.18163460090647,42.93579954258017,-383820.31576914823,-2.0030428477246844,2.5698611027208362,172827
0,Dishwasher [kW](t),35.830538369913825,34.84779126251922,-32754.462854883026,-2.0039308630934234,1.197521063188496,172827
0,Furnace 1 [kW](t),74.97837432386991,73.32371740261735,-142588.17425280914,-2.010412400534915,1.6042203699090056,172827
0,Furnace 2 [kW](t),49.111880510975006,48.41849187165116,-44089.65521344353,-2.0174855137543775,1.615519567407689,172827
0,Home office [kW](t),39.954123623775345,39.544829583611715,-195520.20359652824,-2.0086916487249153,1.6403714192284427,172827
0,Fridge [kW](t),51.98997068559002,51.269890329259866,-514549.88481110096,-2.004536999078986,1.8063759243081434,172827
0,Wine cellar [kW](t),46.14091237537322,45.210838979730354,-1733398.7829833452,-2.0016756525200377,1.4407874461299044,172827
0,Garage door [kW](t),33.33395062584637,33.26837935885303,-62696356.9239515,-2.001591792708128,2.8462755790481293,172827
0,Kitchen 12 [kW](t),33.174862470941065,33.02114850186073,-19630634996.8747,-2.0000748067572234,2.34372129603677,172827
0,Kitchen 14 [kW](t),38.17791714891061,37.63676257356247,-78905.83089438426,-2.001869218004502,1.7352473398692239,172827
0,Kitchen 38 [kW](t),38.148829696964164,37.84558580310408,-14736919046121.723,-2.000000967981266,2.073339317821842,172827
0,Barn [kW](t),43.702752238016295,42.94640265452583,-185402.45624240595,-2.005692014923847,1.4372067765665917,172827
0,Well [kW](t),54.85214406777379,54.411245551603294,-91506.36405712138,-2.0018558766635857,2.25959100814168,172827
0,Microwave [kW](t),54.81521664647882,53.48039574005901,-329788.8528746125,-2.0008508074494844,1.2614873599199767,172827
0,Living room [kW](t),42.08815225973092,42.01379039738418,-101542.4697138608,-2.007286714586272,3.7640614120351716,172827
0,Solar [kW](t),60.846331695229736,59.82122349483831,-762077.5447530313,-2.0021830217882557,1.6569559398514069,172827
0,temperature(t),3.7670793853584588,2.601023276615332,0.8603178214980587,0.04794005247443912,0.11718637272630165,172827
0,humidity(t),33.93018204887974,33.151865843361456,-32366.059001683534,-2.0865037412682588,1.090545147661168,172827
0,visibility(t),2.15921917503529,1.347145426391844,-0.08656920226181763,-0.07940916094083846,3.025624949127774,172827
0,apparentTemperature(t),5.04770189018668,3.1213518451364566,0.825328946651935,0.0779699558010212,0.15651846199608369,172827
0,pressure(t),34.63417963366263,29.426764665910785,-12.19849086310797,0.021826928709955295,0.34291847203933906,172827
0,windSpeed(t),2.716816558940146,2.128152614881694,0.5890227311448971,0.17833513604191725,0.30320077117129246,172827
0,windBearing(t),17.212957522882736,13.245176372186801,0.9608735926428513,-0.01220356349857301,0.06791835072810579,172827
0,precipIntensity(t),49.36306905129556,49.099734303553674,-5403608.540327486,-2.000601107807778,2.3084407446715622,172827
0,dewPoint(t),8.328337589499117,6.733097257580956,0.6801134416494865,0.12579886875178184,0.24823642614627672,172827
0,precipProbability(t),48.95835075528911,46.673661142580556,-41827.228278529234,4.0,-2.009946631861834,172827
1,use [kW](t),31.75333473839395,30.277501788839718,-2473.713572834995,-2.1507556137200345,1.214762669778051,172827
1,gen [kW](t),44.10584888017995,42.95981833787878,-129411.60623714805,-2.0053272712705974,1.6082185254175336,172827
1,Dishwasher [kW](t),49.57636940780162,49.54147835155558,-46269.80722063993,-2.0036733584636046,6.68487262933726,172827
1,Furnace 1 [kW](t),71.51760898960384,70.17296409563976,-118492.67171886907,-2.014103894711917,1.772274521106048,172827
1,Furnace 2 [kW](t),57.050325811054776,52.54529525156411,-46009.762241186574,-2.021747073582589,1.1315353293177561,172827
1,Home office [kW](t),38.252982064653196,37.35748925997508,-99840.66942372781,-2.0081716990321072,1.716225496419212,172827
1,Fridge [kW](t),41.080476296626735,37.35876095728594,-389601.60213075386,-2.005198093674211,1.0158044775292925,172827
1,Wine cellar [kW](t),42.432721813588145,41.45683967511222,-1756258.4273165471,-2.0016378182489594,1.51456645524765,172827
1,Garage door [kW](t),51.37517673279584,46.48121213495008,-329809231.4658259,-2.0011185954645088,0.996878011090115,172827
1,Kitchen 12 [kW](t),31.848323000562473,30.643771060046593,-187469.38627129572,-2.0011814780239585,1.4159311346328542,172827
1,Kitchen 14 [kW](t),56.81340107421863,52.88540828914714,-215071.2976614559,-2.0007340012379564,1.154372197638778,172827
1,Kitchen 38 [kW](t),30.592449534294445,28.625330409593534,-7735022177932.835,-2.000001474150495,1.0894979389555377,172827
1,Barn [kW](t),60.29073051013673,59.86835889825502,-317085.096017249,-2.0047862525457107,2.1659396906410917,172827
1,Well [kW](t),54.99534585961266,52.36425786899577,-163454.29155026397,-2.0013263041473253,1.3258755789293415,172827
1,Microwave [kW](t),60.38721902470579,59.90120006942685,-598120.6663455474,-2.0005613644287883,2.650188297897226,172827
1,Living room [kW](t),54.12815071608268,52.017164055325296,-447052.8892667858,-2.0021353040519996,1.5261852356282712,172827
1,Solar [kW](t),65.32587439545665,64.06316476247453,-283891.9948920729,-2.0035692580647044,1.7019219204640048,172827
1,temperature(t),2.9440683963242793,2.3582126893485276,0.6021441818481932,-0.08523859006364536,0.16992426993033932,172827
1,humidity(t),54.092162201847515,51.02488333214822,-465545.7906541731,-2.0394354439845226,1.2068634386334496,172827
1,visibility(t),1.2463103768019506,1.0872017586634126,-1.0667407935488575,0.11256612944175272,0.4634219826633069,172827
1,apparentTemperature(t),6.318175390792393,4.7202321960722236,-0.2724959547009742,-0.2873149197079299,0.2689304267488417,172827
1,pressure(t),151.2283275020525,115.96830053371181,-777.8897345368125,0.11762566351423392,0.5628210043662378,172827
1,windSpeed(t),4.158486728413354,3.049987821787536,-0.4400631611200865,0.31079992212260865,0.5272090183892794,172827
1,windBearing(t),42.00797656995371,21.05934116617586,0.9239140473721439,0.0937959341132552,0.13592163194784973,172827
1,precipIntensity(t),63.943648456365196,61.60341867270498,-6219311305.725032,-2.000010598213043,1.534020715498525,172827
1,dewPoint(t),113.82794853859706,111.41760651059464,-2056.559436068467,-2.2861831995122146,1.9561942533572374,172827
1,precipProbability(t),48.95835075528911,46.673661142580556,-41827.228278529234,4.0,-2.009946631861834,172827
2,use [kW](t),62.37979169521458,60.83677949311497,-9358.251446698296,-2.052339316912738,1.2938947835212424,172827
2,gen [kW](t),34.9525460833387,34.48454237745062,-113526.80157177063,-2.005557031943506,1.2729444763282836,172827
2,Dishwasher [kW](t),56.294165267461246,55.765968689741364,-89556.84897824096,-2.002294316378158,1.9218791211417001,172827
2,Furnace 1 [kW](t),44.26811842361875,43.819184753931786,-62951.59021721037,-2.0119340986887884,1.8771859209929067,172827
2,Furnace 2 [kW](t),97.05113006915893,96.93205262095698,-263475.53982137784,-2.0059645803357613,5.224053713036186,172827
2,Home office [kW](t),34.85469487624446,34.436355845825844,-151525.29309005546,-2.008378407985274,1.9904249361175534,172827
2,Fridge [kW](t),49.03634363615273,48.01097039553451,-514493.41588281095,-2.004343353578214,1.2493255819981286,172827
2,Wine cellar [kW](t),50.12930310092875,49.022804887005364,-1736699.2156453882,-2.00174339714539,1.1971374251147655,172827
2,Garage door [kW](t),45.026253490703894,44.540027221997555,-19162710.444290735,-2.0012563648061064,1.7217129219782363,172827
2,Kitchen 12 [kW](t),73.9697472408242,72.52127244132924,-16348441796.551418,-2.000034075728467,1.3032634687945353,172827
2,Kitchen 14 [kW](t),76.93806777002287,75.00957522947317,-8224439.876551045,-2.000101675473595,1.121875470719714,172827
2,Kitchen 38 [kW](t),82.31921858627197,80.46319556756531,-71376942402038.02,-2.000000427248013,1.2158131360889757,172827
2,Barn [kW](t),29.919039929846647,29.746853854431485,-99283.680505219,-2.0091701502077752,2.278740540966769,172827
2,Well [kW](t),66.76233013593605,65.9231629252527,-264389.06112494814,-2.000807738416246,1.635083264765216,172827
2,Microwave [kW](t),77.59479134169115,75.70545760004441,-727926.6010593497,-2.0005030294520068,1.2136052952017826,172827
2,Living room [kW](t),64.33703873689238,63.96872356501561,-468382.3927052755,-2.0019358895834642,2.39803896118776,172827
2,Solar [kW](t),65.27544352918609,64.22689301453389,-395952.5643780155,-2.0029798337117466,1.4339449208146808,172827
2,temperature(t),5.724675379936132,5.071905071948679,0.6819775770719896,0.13739715527809587,0.20003025771430277,172827
2,humidity(t),48.068420265280224,47.36692259528765,-96206.22424672962,-2.061442961551731,1.2381670113997656,172827
2,visibility(t),62.959627616831554,62.51361136040204,-620.7855139191373,-2.7532372802967195,2.0758962142978263,172827
2,apparentTemperature(t),107.1838364485916,106.24029633630103,-78.7387505796682,-6.0020374886172405,8.237296511713966,172827
2,pressure(t),138.50870221944734,117.35435297395314,-618.8009445485335,0.12217672801875312,0.5168330498630954,172827
2,windSpeed(t),3.379976001327836,2.6391000537891274,0.0808924611191787,0.09349004505685622,0.43928456595246773,172827
2,windBearing(t),59.24008225797748,43.57267771468722,0.6059129986401167,0.17393994916088423,0.23305726003716998,172827
2,precipIntensity(t),81.70994603884061,81.22259978268815,-20984457.06695913,-2.00036919825329,2.083116057193701,172827
2,dewPoint(t),11.372887119247386,8.413989749248648,0.09759835444832188,0.28187967812541176,0.6612187375149315,172827
2,precipProbability(t),48.95835075528911,46.673661142580556,-41827.228278529234,4.0,-2.009946631861834,172827
3,use [kW](t),52.792538570049565,52.536340561295106,-5261.241733753067,-2.107815503335356,2.623886750927667,172827
3,gen [kW](t),55.69355614516774,53.33848976679376,-119097.93097751323,-2.006060565497623,1.009818212926357,172827
3,Dishwasher [kW](t),45.29888430740934,44.31617057865034,-39639.154005652126,-2.0041751716505005,1.3002350341505728,172827
3,Furnace 1 [kW](t),43.691331524267,42.84054475988597,-56984.438536982016,-2.0356585580566313,1.4044055750754871,172827
3,Furnace 2 [kW](t),51.51472042852751,49.80824826212362,-32784.235523945106,-2.0291070910837186,1.3254637038041444,172827
3,Home office [kW](t),55.05848860925379,54.127626898419344,-414761.71912932716,-2.004953019143471,1.38805350831858,172827
3,Fridge [kW](t),65.63936397041797,64.92086087477978,-785751.1224226991,-2.003387534112077,1.975074710092753,172827
3,Wine cellar [kW](t),51.28087016991774,50.232934388418265,-2750577.237500445,-2.0013465416982807,1.3883022597082644,172827
3,Garage door [kW](t),57.77192632419983,56.50238820058704,-794295193.014228,-2.0008936752126805,1.6472857674795476,172827
3,Kitchen 12 [kW](t),35.009932255538324,32.65889821661099,-3123821.530092442,-2.000180811584985,0.9438070240968942,172827
3,Kitchen 14 [kW](t),59.81087219816456,57.91302903415228,-1534179.509376216,-2.0004222001179346,1.04728405096061,172827
3,Kitchen 38 [kW](t),42.042237389513154,40.748528250314855,-12940064155211.652,-2.0000012208329836,1.070996786581807,172827
3,Barn [kW](t),74.21398350695921,71.98745482683532,-141100.63734156577,-2.0056631415189536,1.3444599208246566,172827
3,Well [kW](t),49.33389417940745,48.50589874975422,-106750.93260294475,-2.0015948299322264,1.3597539385310682,172827
3,Microwave [kW](t),52.00066427544758,51.050419331186255,-121665.54956192861,-2.0014955874240483,1.5209810811934075,172827
3,Living room [kW](t),39.3613237146984,37.291155781602974,-239150.9680269663,-2.0028649345040965,0.8657409890611157,172827
3,Solar [kW](t),45.88003034366192,44.05825636465532,-80823.93379172716,-2.007341822813291,1.1765600663889257,172827
3,temperature(t),4.927129926578442,3.162781962784337,0.917357221575564,0.08057380928143046,0.11608055567220785,172827
3,humidity(t),35.2019522286645,34.498249159977874,-56297.69975120287,-2.0850524915704467,1.4511070123747747,172827
3,visibility(t),0.9282173974724793,0.6172120456809316,0.8865362565597529,-0.036388370011399516,0.10961280750305,172827
3,apparentTemperature(t),65.52335516755312,59.983194589937185,-14.145829297239011,-5.1947327698235055,1.9296953881637462,172827
3,pressure(t),110.22546539606944,87.17816856672465,-86.48041291800523,0.05385241991620755,0.36452144720890745,172827
3,windSpeed(t),4.205643293416992,3.1304578402217773,-0.02554607884667881,0.35809989462561653,0.5160309630092943,172827
3,windBearing(t),33.120153537216304,18.820442377928472,0.9043534141585977,0.0023077294292293414,0.11221930378234143,172827
3,precipIntensity(t),26.71339251114361,26.506313045081562,-1300964.4172804453,-2.0010911186829974,2.3760545756479767,172827
3,dewPoint(t),8.183518123653723,5.873516594372972,0.8244394397372528,-0.013148465898864321,0.21704225345771955,172827
3,precipProbability(t),48.95835075528911,46.673661142580556,-41827.228278529234,4.0,-2.009946631861834,172827
4,use [kW](t),63.568747780223866,63.545060327076044,-9956.185596158404,-2.0562507957048735,10.52472522750966,172827
4,gen [kW](t),42.02395416193268,40.639513234239814,-67971.43823457927,-2.0088669753774075,1.0870488959939137,172827
4,Dishwasher [kW](t),49.891454953706145,49.759988423890505,-83036.52369050392,-2.00216721127131,2.644279835186598,172827
4,Furnace 1 [kW](t),54.74102302547689,53.465279759896866,-56382.63835398081,-2.0185264879879976,1.208312527386165,172827
4,Furnace 2 [kW](t),26.804066790587836,26.769272567325306,-14135.766441223564,-2.0346842450255833,4.490412277190883,172827
4,Home office [kW](t),41.07756745760328,39.90981916832744,-187058.95263563137,-2.0065112689330706,1.2245582929531746,172827
4,Fridge [kW](t),53.9173074633725,53.29625779334623,-533444.3269775764,-2.0041106446860826,2.0750940748767412,172827
4,Wine cellar [kW](t),21.21021357120725,21.123822290305217,-328960.292822968,-2.003802440287617,2.8864128290832265,172827
4,Garage door [kW](t),50.70512494015086,49.77621985842294,-48471018.22869751,-2.001097423251083,1.6165785921669789,172827
4,Kitchen 12 [kW](t),61.38993116104635,59.63885636681384,-101932776096.11743,-2.000038838450072,1.229062080135275,172827
4,Kitchen 14 [kW](t),58.65251830018176,58.61867122879478,-512133.07807128376,-2.0004783228712255,7.148635033702471,172827
4,Kitchen 38 [kW](t),52.36178400236715,52.31942472650718,-23029133645680.55,-2.0000008520838533,6.412988025816046,172827
4,Barn [kW](t),45.62833879045632,45.558432102449665,-6905137.225221842,-2.0031163573322996,4.126096658949538,172827
4,Well [kW](t),40.153519668845625,39.92192692318567,-461402.1992096032,-2.000431142999192,2.8905261738796244,172827
4,Microwave [kW](t),49.5683008848832,49.51936826723107,-132883.9489586199,-2.0012808673038687,4.193687817669867,172827
4,Living room [kW](t),73.84179963667975,73.75444269240234,-937485.719240497,-2.001112613698797,5.338087033389344,172827
4,Solar [kW](t),36.34903622441183,36.32724037936467,-50852.96515116116,-2.0099247650391576,4.756013097073133,172827
4,temperature(t),2.89771326577959,2.455652910008819,0.91584624476429,0.06723307245835192,0.08513111698239195,172827
4,humidity(t),44.90332584398557,44.694017833611134,-155461.87464305785,-2.0489948451133264,2.504109991932259,172827
4,visibility(t),0.952496298097283,0.8575663242378008,-20.16346413163978,0.08994709760285871,0.5991045256383896,172827
4,apparentTemperature(t),4.131219947926628,3.2954035904962073,0.8901784217875308,0.10216178435443869,0.11534009535743361,172827
4,pressure(t),30.960375784534577,27.279562532034358,-28.462349960573622,0.02736208490625874,0.6117938468459169,172827
4,windSpeed(t),1.8130745171339984,1.434570736325759,0.6496464331374099,-0.0004126432496506725,0.1599883013781076,172827
4,windBearing(t),290.20275233846127,287.4517477729448,-40.77154924509484,3.1939869070461966,5.744662445956205,172827
4,precipIntensity(t),34.83462773446053,34.77756475137213,-263238583.20928743,-2.0000503296396026,5.104336515820753,172827
4,dewPoint(t),3.163903998297043,2.5086939360465017,0.9063557339609742,-0.010331259609247346,0.08990024563056025,172827
4,precipProbability(t),48.95835075528911,46.673661142580556,-41827.228278529234,4.0,-2.009946631861834,172827
5,use [kW](t),39.33374385975351,39.09818752617224,-3869.753753816188,-2.0698552084337525,2.3151824555304086,172827
5,gen [kW](t),46.25111164960988,46.00742243979356,-117528.11834698918,-2.007049848902041,2.374788886361716,172827
5,Dishwasher [kW](t),59.09598160459864,58.98162845479697,-89019.45727607382,-2.002435653445968,3.739313261738632,172827
5,Furnace 1 [kW](t),46.66881318398791,46.639710206392415,-120489.27293784822,-2.0059448078758204,4.100732618759111,172827
5,Furnace 2 [kW](t),48.8321840746872,48.760075987285774,-271383.80316087103,-2.00699867936629,3.9623558153803393,172827
5,Home office [kW](t),56.772145868434244,56.545510394192625,-286563.2149750865,-2.0058920968710185,2.8561778470297003,172827
5,Fridge [kW](t),66.06419301830041,65.90804012443951,-890884.1957310888,-2.003413239998247,3.008423322214994,172827
5,Wine cellar [kW](t),75.59191250326468,75.33712399054956,-2471892.789191837,-2.0017395811703023,2.504737320188894,172827
5,Garage door [kW](t),47.66617169176432,47.432977477720605,-43170787.379197426,-2.001159383873324,2.2297830411241004,172827
5,Kitchen 12 [kW](t),65.36820471735106,65.16967392083565,-85334970569.42433,-2.0000364534008344,2.315586283060643,172827
5,Kitchen 14 [kW](t),86.13679526026671,86.0546479820279,-439376.3380478053,-2.0006154704186563,5.872961276511883,172827
5,Kitchen 38 [kW](t),73.78544574614585,73.3402339743762,-56457732220841.516,-2.000000503126465,2.437943163137761,172827
5,Barn [kW](t),40.56075849042549,40.434171075926216,-6102426.0165343145,-2.0034261269134452,3.0990435311982494,172827
5,Well [kW](t),38.80554757687655,38.714099556382045,-156276.04908931666,-2.0010572284388,2.1317738467190996,172827
5,Microwave [kW](t),74.50217038934761,74.3114136962807,-7066334.0288907485,-2.0002856263482944,3.8044871918607304,172827
5,Living room [kW](t),56.85292851723234,56.77780198264639,-241158.54050643323,-2.003477644347812,3.091421002491065,172827
5,Solar [kW](t),69.58643735409149,69.42753098469116,-266041.0783155522,-2.004666163072255,2.4371453046822524,172827
5,temperature(t),3.9768974494818767,3.602963028409134,0.8294813186351576,0.06825260257870704,0.11380982025234593,172827
5,humidity(t),36.26387364592073,36.08253580279188,-41981.373701481134,-2.0715437887331847,2.2144203043109214,172827
5,visibility(t),0.8371137694520286,0.7367982234916914,-0.34230190058430066,0.05205055250432869,0.47189365395667604,172827
5,apparentTemperature(t),4.871055529790943,4.156383219087574,0.7913973654111496,0.07442950347388003,0.1434386348529426,172827
5,pressure(t),26.594777691783158,20.634831601213033,-22.32351800015636,0.017937976962259655,0.19614684412295044,172827
5,windSpeed(t),2.250435406124446,1.8531966828304545,0.5577751399874589,0.2726659631351157,0.22664735701588878,172827
5,windBearing(t),30.45499713980055,23.19629194437865,0.6565403031499184,0.0873731060179475,0.2307104476858277,172827
5,precipIntensity(t),40.201996899827925,40.04069638319982,-66478900.841655366,-2.0002094907467347,2.6758378059583747,172827
5,dewPoint(t),5.8353631251687155,4.832478142922251,0.6430757498955734,0.048967672505423214,0.19128896518242167,172827
5,precipProbability(t),48.95835075528911,46.673661142580556,-41827.228278529234,4.0,-2.009946631861834,172827
6,use [kW](t),21.632372524366502,21.00854943568604,-1194.8613521095645,-2.1805766294706164,1.1046918971864377,172827
6,gen [kW](t),22.8678376111583,20.750566422000308,-17101.186159051813,-2.0243203457744183,0.7300541247722161,172827
6,Dishwasher [kW](t),11.59094290551423,11.38386403024745,-4775.383657951839,-2.0084143604927287,1.4258770079319043,172827
6,Furnace 1 [kW](t),15.125901405255563,14.648236496376803,-5783.889980450485,-2.057689797840883,1.1534804460742423,172827
6,Furnace 2 [kW](t),16.158205699672408,15.576083933569304,-5342.027263074678,-2.0604058805214107,1.035375780422012,172827
6,Home office [kW](t),20.09220668384494,19.498905262173164,-41693.736770918025,-2.0168165703729675,0.9304390012708128,172827
6,Fridge [kW](t),20.63754810843722,20.082132441931236,-71356.96018385973,-2.0110819840706955,0.9953392834044603,172827
6,Wine cellar [kW](t),17.780054612410044,17.10555057933681,-205877.81219108868,-2.006355287174296,1.0657837762420908,172827
6,Garage door [kW](t),20.057271865663036,19.28509662850191,-4487461.460492974,-2.0028476348670012,1.1726251547804838,172827
6,Kitchen 12 [kW](t),24.28284146057927,22.78365544704624,-11521328964.41408,-2.000104803138705,0.7887356623774475,172827
6,Kitchen 14 [kW](t),26.299521878508557,24.982799135268817,-39840.952818244245,-2.002667376351062,0.828861195106532,172827
6,Kitchen 38 [kW](t),25.559147382847396,24.13928750518209,-4846841134327.089,-2.000001956704158,0.9823548992451825,172827
6,Barn [kW](t),22.126699580449394,21.09310098781595,-4138553.93721655,-2.0062706704349003,1.0358455850151087,172827
6,Well [kW](t),17.34883066779436,15.743403109768986,-7048.8183524782135,-2.0078861746254764,0.7528757859636952,172827
6,Microwave [kW](t),41.730198567467994,37.360029527766095,-241192.81936037156,-2.00098591075045,0.8020798747556185,172827
6,Living room [kW](t),50.05999714877892,44.64347692762737,-257457.93003412968,-2.003122643244404,0.8115434538404065,172827
6,Solar [kW](t),20.875040899904775,18.8582845000903,-14250.353097879468,-2.026793393970747,0.7789741774055171,172827
6,temperature(t),1.5837664982790236,1.2828705066051445,0.9512808659640815,0.004771928289478967,0.05362083410688386,172827
6,humidity(t),19.817435929427198,18.864408952246606,-12813.640976653813,-2.1306627731762147,1.0128239985993577,172827
6,visibility(t),0.5447176519895962,0.38896253229372546,0.9092943553409201,-0.011797913783733701,0.0731233873331791,172827
6,apparentTemperature(t),2.422199492468201,1.934936498410659,0.9310966924171488,-8.214564715679012e-05,0.0698561471404968,172827
6,pressure(t),1045.2213536132228,1045.146870055682,-72862.39922689619,2.120815246597169,28.995591113965325,172827
6,windSpeed(t),1.156244156292101,0.8819953417730616,0.7835124848729843,-0.0038760238301910007,0.09243643521440757,172827
6,windBearing(t),36.57260937392227,22.755601649729915,0.8792634571028642,-0.06042292779504461,0.11748025494119571,172827
6,precipIntensity(t),29.77710434989895,27.00238131819132,-54502838.56215512,-2.000144670404923,0.7553960870682223,172827
6,dewPoint(t),3.179980938110381,2.3893649207052605,0.816831078523379,0.06655959495154831,0.11300310977947828,172827
6,precipProbability(t),48.95835075528911,46.673661142580556,-41827.228278529234,4.0,-2.009946631861834,172827
7,use [kW](t),57.64771654130526,52.90858798206127,-16560.763416514674,-2.0549828114454716,1.0524916163546192,172827
7,gen [kW](t),62.74095288567428,58.13050264282247,-1269522.3012568278,-2.0020111420424525,1.0006440119481188,172827
7,Dishwasher [kW](t),49.31438756895759,47.71246535978315,-92594.18287499169,-2.0020397516811967,1.42153440235126,172827
7,Furnace 1 [kW](t),45.26985543875447,45.25500727785983,-130140.07383344449,-2.0100697628811246,10.082626365349148,172827
7,Furnace 2 [kW](t),71.45735511701861,67.4727594179102,-445552.9644504567,-2.007742373394709,1.269735489000387,172827
7,Home office [kW](t),72.12876995169532,67.16430640808836,-321886.151698775,-2.0054887711805796,1.1568009433370232,172827
7,Fridge [kW](t),80.66532008374857,80.15288457083606,-1156543.994176246,-2.0028005001282794,3.0581300697408382,172827
7,Wine cellar [kW](t),49.69643397025725,48.71026077133371,-1472268.086144886,-2.003205437758028,1.837922109611381,172827
7,Garage door [kW](t),70.00768306529815,67.19619970742792,-132096051.34490459,-2.0007987996561547,1.4426071807125478,172827
7,Kitchen 12 [kW](t),44.10005469626112,44.04489300921478,-58984453719.23179,-2.000052727894013,6.438248869767535,172827
7,Kitchen 14 [kW](t),23.10282136385373,23.022396542331244,-69570.19222986058,-2.0015500022907724,2.9435930105403183,172827
7,Kitchen 38 [kW](t),52.95529663257595,49.028163651476056,-28907618115558.64,-2.0000007743027157,1.0612692468404443,172827
7,Barn [kW](t),64.98713002303587,62.898688573262135,-211857.73218454723,-2.002926150033173,1.5819082710449839,172827
7,Well [kW](t),47.163394243992784,46.77540919032185,-266065.31053352903,-2.0006458071789357,2.4356207882921823,172827
7,Microwave [kW](t),98.0362920397432,96.28203316234166,-958199.9532394197,-2.000512703593632,2.092894409289984,172827
7,Living room [kW](t),51.16326534501543,48.989984786671705,-496282.81822846975,-2.00151716579761,1.4480234054966137,172827
7,Solar [kW](t),56.43596050959358,51.58662958963767,-1027187.8526246296,-2.0022665487806344,1.0367994467421757,172827
7,temperature(t),5.905613508263704,4.500107576283025,-0.17390959501746583,-0.08325673548740954,0.5004471984699024,172827
7,humidity(t),40.384393672934365,39.30800614343723,-42181.383145808926,-2.064525527484549,1.6092744222151074,172827
7,visibility(t),2.7641893467742116,2.0637230587574407,0.1055569179589173,-0.030645278978164395,1.1044438227635784,172827
7,apparentTemperature(t),8.605743176646998,6.359005246475251,-0.6843691657394961,-0.21270718498739824,0.6089645642647558,172827
7,pressure(t),165.89335857277544,148.35351218858722,-213.14716453211147,0.15753260383067463,0.886066855047817,172827
7,windSpeed(t),4.600127498031045,3.665826365431071,0.290866132222381,0.41047460320160206,0.4867835813185912,172827
7,windBearing(t),55.558256708668985,32.54950376059379,0.8284784663588052,0.12398075754728015,0.1980719915639141,172827
7,precipIntensity(t),58.50407119218402,54.49552589101014,-70224230.28446275,-2.00022854542984,1.0961537669932977,172827
7,dewPoint(t),10.19311958550533,8.679982485458344,-0.5147591554859581,-0.33202058418429564,0.6840291072947121,172827
7,precipProbability(t),48.95835075528911,46.673661142580556,-41827.228278529234,4.0,-2.009946631861834,172827
8,use [kW](t),49.81138875876914,49.182562770866156,-5135.4386653993715,-2.065353072977195,1.9810446533446762,172827
8,gen [kW](t),68.86925246784844,68.75210044027789,-189977.5070013409,-2.0060390258624605,4.911077557236226,172827
8,Dishwasher [kW](t),49.16133948792472,47.877485203536494,-57521.95513998785,-2.003026287409479,1.3920536579839176,172827
8,Furnace 1 [kW](t),45.63575193378171,45.320541299549774,-66615.37768910563,-2.0081164389347794,2.132219716954234,172827
8,Furnace 2 [kW](t),106.57135802246516,106.13871039528034,-547064.8092748414,-2.0042382003295383,3.7619160706896464,172827
8,Home office [kW](t),44.67294124020015,44.43922417515908,-361242.4184873154,-2.0062223126921883,2.8366719662486606,172827
8,Fridge [kW](t),40.306973764379705,35.772689704201035,-268570.78962684085,-2.006485665926042,0.6574702900676965,172827
8,Wine cellar [kW](t),67.44998098377911,67.39402323104012,-2875951.341352211,-2.0023872983743396,5.337503879756427,172827
8,Garage door [kW](t),65.38498843234288,64.79795208660107,-71414882.64223672,-2.0008537648745497,2.372420800667491,172827
8,Kitchen 12 [kW](t),32.05009094416885,31.85698232863958,-32505432204.894062,-2.0000776737151638,1.8611918134851986,172827
8,Kitchen 14 [kW](t),68.91883146323389,68.02458268511515,-1403407.3937769255,-2.000289349855464,1.648620633607,172827
8,Kitchen 38 [kW](t),59.904845726328944,58.66367231275162,-33901651098130.52,-2.0000007149156054,1.4805778700689292,172827
8,Barn [kW](t),39.36780428639042,38.96912549924473,-12652.24519384415,-2.0108924336927703,1.9037688018418404,172827
8,Well [kW](t),65.02435369038201,63.09993992861817,-147929.24351118645,-2.001486776074669,1.3673528085348854,172827
8,Microwave [kW](t),71.24431755554332,70.86673242411327,-446224.9464954642,-2.000788521493553,3.033091560212045,172827
8,Living room [kW](t),56.001204314651645,55.45207619798308,-282341.3735138731,-2.002968545762318,1.9541502327095843,172827
8,Solar [kW](t),65.2163215270006,64.39854990662674,-170358.48972357175,-2.006448600245728,1.5784482639098631,172827
8,temperature(t),7.98443963994693,5.302983929309883,0.6241026997780533,0.08956052540359637,0.34880401221858837,172827
8,humidity(t),66.0998240016712,65.06863827836206,-77422.56073933335,-2.0280749651362435,1.9297280024436214,172827
8,visibility(t),60.437492469575396,59.27461569662833,-251441.8249490609,-3.016374666178511,1.3613710619132573,172827
8,apparentTemperature(t),8.174345227695397,5.970609422990862,0.6592714893554068,0.11011972741417698,0.2942352646224541,172827
8,pressure(t),46.77320095598562,36.1241717808384,-229.3836752311109,0.035165475997253136,0.44521759698479446,172827
8,windSpeed(t),2.4357520092481297,2.053072717317767,0.3736483928735218,-0.19693545595121908,0.3188134849917945,172827
8,windBearing(t),61.45331774647984,23.97413190743084,0.7388229100591496,0.05784350744959577,0.19373315440512257,172827
8,precipIntensity(t),75.75576206339717,74.7690230079484,0.0,-2.0,1.7764056588978696,172827
8,dewPoint(t),6.001047642678173,4.929277498916414,0.10859332792686982,-0.020576435834564047,0.21672694325901554,172827
8,precipProbability(t),48.95835075528911,46.673661142580556,-41827.228278529234,4.0,-2.009946631861834,172827
9,use [kW](t),88.64297137785074,88.23871310808227,-22763.905369373875,-2.0273018425755143,2.74331250522405,172827
9,gen [kW](t),64.38844412786726,62.15078164433273,-190482.69833889685,-2.006299981509803,1.0327914112814152,172827
9,Dishwasher [kW](t),42.47843878407785,41.26475480071411,-57881.11697657323,-2.0025659254879544,1.0413965421488645,172827
9,Furnace 1 [kW](t),48.896265445979,48.88307335606661,-226758.8073763893,-2.0034341806830542,8.83247378693149,172827
9,Furnace 2 [kW](t),45.45218602754263,43.67867183386407,-671496.6714533666,-2.006903748075334,0.992146264706403,172827
9,Home office [kW](t),51.69064983855169,51.51429835785732,-297375.6032387369,-2.0054485898545984,3.170267848563699,172827
9,Fridge [kW](t),59.392680937421694,58.24146696747366,-605901.0199642745,-2.00483014976815,1.4577927422563044,172827
9,Wine cellar [kW](t),66.26116066458098,65.32443039256037,-1210451.6708471116,-2.0041944605355377,1.6044742197114175,172827
9,Garage door [kW](t),46.43625038079386,44.85681547956891,-5989068.835095716,-2.001375426856784,0.9465124838510538,172827
9,Kitchen 12 [kW](t),35.92956600859277,35.8069807200278,-36359055894.55797,-2.000063937362733,3.015445581982135,172827
9,Kitchen 14 [kW](t),46.6664852939992,46.272965323198214,-299676.547360027,-2.0006938889974193,2.0139381665702984,172827
9,Kitchen 38 [kW](t),84.75116855066605,84.45576504368982,-69433168787625.44,-2.0000004525856476,3.3857112792191457,172827
9,Barn [kW](t),42.09956689496944,42.04701803361599,-3706356.609882833,-2.0034154143887957,4.8029635853208115,172827
9,Well [kW](t),63.94294369283701,62.32225048448592,-312678.45309005043,-2.000958810208921,1.2286855475193181,172827
9,Microwave [kW](t),91.23451966615468,89.7201162724264,-713114.8648830281,-2.0005396911306494,1.452191770346308,172827
9,Living room [kW](t),43.891916482064715,42.98448154289961,-145928.32375001945,-2.0044159982718632,1.2004540309230434,172827
9,Solar [kW](t),53.32132198602966,52.64586315341665,-130629.25332575604,-2.0074416412299825,1.5795439540449463,172827
9,temperature(t),2.1761009568682512,1.710409600502454,0.9257668391646117,0.013319645868321803,0.08887098134272586,172827
9,humidity(t),50.704504640552294,50.37434820884265,-70790.74909050777,-2.0410180346551967,2.032267295447837,172827
9,visibility(t),1.189970583807981,0.9375955655228784,-0.723166488008455,0.048462478758424916,0.9339602238369328,172827
9,apparentTemperature(t),2.2259871428172198,1.729310123147832,0.9338243077100923,0.02351980979757885,0.07919173015938215,172827
9,pressure(t),100.82126857237475,91.36759097757206,-722.1081020429733,0.0940792484373227,0.5411078626009016,172827
9,windSpeed(t),2.3053497832390573,1.910931449154499,-0.19190756493558125,0.25755763408380816,0.6207339077669215,172827
9,windBearing(t),47.10368591465759,27.84625540291576,0.751771578346804,-0.005996725228649546,0.16048163406141455,172827
9,precipIntensity(t),41.700473217119665,41.45955820094083,-1300467741.9461346,-2.000024494218484,2.7158558335725296,172827
9,dewPoint(t),6.062592661934329,4.250582989489819,-0.032082774388824786,-0.004164288938855886,0.35695422442579583,172827
9,precipProbability(t),48.95835075528911,46.673661142580556,-41827.228278529234,4.0,-2.009946631861834,172827
10,use [kW](t),45.77291830369532,44.733607938084845,-6122.341682670696,-2.068354028445856,1.2857443387415715,172827
10,gen [kW](t),79.40906657608691,78.40258444583704,-1908377.8356149837,-2.001640296242522,1.7030416636993624,172827
10,Dishwasher [kW](t),55.599442216051486,54.99849578867143,-62258.64963857846,-2.0030208108186986,2.010289630890914,172827
10,Furnace 1 [kW](t),55.30636766877826,55.13152275442006,-107781.90965431665,-2.006524703290962,2.6914344302725284,172827
10,Furnace 2 [kW](t),47.73762992554422,46.427264989727526,-117864.20183772712,-2.0096128678814327,1.115622738385319,172827
10,Home office [kW](t),32.5611179117658,31.875004101043107,-55561.74412949819,-2.012093085912654,1.351296317590735,172827
10,Fridge [kW](t),49.10777589116539,46.72578753213628,-428245.1593807974,-2.0049418145368922,0.896560627384723,172827
10,Wine cellar [kW](t),58.79380076295194,57.56829920824972,-2225027.651894011,-2.001888886348778,1.3732545330002233,172827
10,Garage door [kW](t),60.451052909896234,57.56582583614168,-172342278.72034606,-2.0009250636509424,0.8828276018101605,172827
10,Kitchen 12 [kW](t),47.955568524896286,45.91224621153104,-58447801254.63117,-2.000053984060036,1.010975707771877,172827
10,Kitchen 14 [kW](t),55.87907609003813,54.11574762051032,-305932.6202132554,-2.0007945440280697,1.1784020341366848,172827
10,Kitchen 38 [kW](t),27.846959326792597,27.66929859746943,-7322488129541.337,-2.000001664390727,1.8066038107326703,172827
10,Barn [kW](t),80.3958685799001,77.31793208900216,-39803.25547146113,-2.0047456324900987,1.0867264458240449,172827
10,Well [kW](t),67.68499358011631,67.44478579022928,-252193.98482407548,-2.0009072443730656,3.0482585480627926,172827
10,Microwave [kW](t),94.28268548304125,90.89900280699119,-34443841.04281879,-2.000225681005217,1.1619553244931282,172827
10,Living room [kW](t),45.14882886186601,44.7673926325281,-222979.64884777632,-2.003143682265688,2.4299171364443604,172827
10,Solar [kW](t),59.07963586789204,58.390976450983885,-1056330.009697713,-2.002203073665715,1.5643991889756992,172827
10,temperature(t),6.435425993596889,5.043537510896535,0.7331448044797341,0.0394624225530583,0.2923878509486982,172827
10,humidity(t),78.01080439089544,76.71744801940312,-128877.01096163444,-2.023838881567094,1.5942248475373821,172827
10,visibility(t),1.6631007804674671,1.3450908304445788,-2576.5158903669894,0.09048052204439305,0.34719548186323296,172827
10,apparentTemperature(t),7.088454477624222,5.782601441825124,0.7094790267536133,0.04613384312117763,0.323173987301944,172827
10,pressure(t),74.72224535409102,60.90538075259381,-593.1933944447942,-0.04495882530289139,0.3658625509178851,172827
10,windSpeed(t),4.620086101197908,3.544486520475232,-0.382441111832865,-0.4422814818640072,0.32642522758409637,172827
10,windBearing(t),46.19722243368725,25.256273258277485,0.8164826994449716,0.0354830425715295,0.14986979470314832,172827
10,precipIntensity(t),62.24354775875037,59.92400244832276,0.0,-2.0,1.0468061467675043,172827
10,dewPoint(t),9.460705600699326,8.857499551640352,-4.658561015469436,-0.2451733660366376,0.5134218304337291,172827
10,precipProbability(t),48.95835075528911,46.673661142580556,-41827.228278529234,4.0,-2.009946631861834,172827
11,use [kW](t),55.449362593325226,54.015202759021,-8472.307056427677,-2.0503365668099347,1.6029153984390292,172827
11,gen [kW](t),57.713102827525624,57.61202659784878,-174472.35361603604,-2.006886039270477,4.453551983111127,172827
11,Dishwasher [kW](t),73.94207028059121,69.5541876794267,-118371.65261884645,-2.002313054782319,1.098061428520178,172827
11,Furnace 1 [kW](t),53.77118272882524,53.2000901667619,-220195.73232661784,-2.003583814728877,1.6696960666998846,172827
11,Furnace 2 [kW](t),31.530110829072125,31.440612550071418,-243092.56869898405,-2.0095824536253404,3.3990487160061518,172827
11,Home office [kW](t),44.192668062541685,43.910981687694516,-190649.11974426446,-2.0075384196231822,2.102051451621301,172827
11,Fridge [kW](t),66.93914822242483,66.64001181147559,-834437.1313182882,-2.003497638953429,3.8686676304594148,172827
11,Wine cellar [kW](t),38.17024312565788,37.530333770431426,-716786.6910523117,-2.00297135266665,1.4042407778585837,172827
11,Garage door [kW](t),29.428539204408356,29.347654547111787,-7183360.830651421,-2.0019287322810686,3.1883259765922998,172827
11,Kitchen 12 [kW](t),48.52677969421691,48.4881782639713,-54311699508.50345,-2.000050596708564,7.529970489913062,172827
11,Kitchen 14 [kW](t),37.77679689637904,34.67449865717579,-160939.74662352202,-2.0010969093448647,0.908022256362612,172827
11,Kitchen 38 [kW](t),75.52750019214031,74.92231164947863,-59015950169377.01,-2.0000004854333704,2.7231832753532124,172827
11,Barn [kW](t),62.112203094678556,59.61990606784206,-43757.35265525019,-2.0066532973510065,1.2641660664204653,172827
11,Well [kW](t),38.96107054970292,38.759945186420616,-119374.08059446042,-2.0012354067428855,2.3791130242128014,172827
11,Microwave [kW](t),52.71604503654202,52.31325039375344,-156010.81223790883,-2.0011968060556464,1.9063248715893002,172827
11,Living room [kW](t),42.064119932716295,38.086582987163816,-158808.22746686073,-2.0043212560833186,0.8081155182432952,172827
11,Solar [kW](t),80.44292037469155,77.5218015601356,-338964.8283182418,-2.005112989599829,1.4392725838798595,172827
11,temperature(t),5.523847302362629,4.293764989712604,0.57665054979954,0.06924447015343335,0.23147621241310695,172827
11,humidity(t),49.74330242998258,47.20223254330827,-60452.53773153092,-2.055892382997038,1.2091577908425453,172827
11,visibility(t),1.073229387177154,0.8239080126859085,-0.3774328640727316,0.04734541576869948,0.3520290447347859,172827
11,apparentTemperature(t),4.893446891199609,3.771771221426325,0.6677649640567473,0.06034225301361473,0.18853823298048908,172827
11,pressure(t),88.83611731040378,78.60177943083686,-779.6094353400455,0.08039637839781859,0.6339044734264353,172827
11,windSpeed(t),2.2643778768341845,1.7730850251057513,0.16522504263385818,0.3678384759806835,0.355267267760134,172827
11,windBearing(t),62.80776042237165,30.34419100516833,0.7032677497190326,0.18142304657381728,0.2630308086145913,172827
11,precipIntensity(t),71.89529828821496,71.83592184058733,-112667920.10464114,-2.0001276017531824,6.638890695955999,172827
11,dewPoint(t),6.383404009000416,5.051332176011314,-1.3259265681175236,0.09636528362817184,0.8132900228260762,172827
11,precipProbability(t),48.95835075528911,46.673661142580556,-41827.228278529234,4.0,-2.009946631861834,172827
12,use [kW](t),63.941661444306526,63.58369763093086,-99960.49571077689,-2.0206250212212375,1.673511992957708,172827
12,gen [kW](t),45.21931292496482,45.183227348555796,-104896.88089633166,-2.0095508514678047,6.522621824809891,172827
12,Dishwasher [kW](t),61.49177955036727,61.18667500608421,-62077130746293.86,-2.000000308179249,1.7982226335114682,172827
12,Furnace 1 [kW](t),35.85168061158433,35.824064241635,-17221725.039779488,-2.0023397645939665,5.518901518114756,172827
12,Furnace 2 [kW](t),35.29292172128336,34.75435449524731,-90893935.67889367,-2.007901047883182,1.238308765795822,172827
12,Home office [kW](t),68.10699492965513,67.55008627564985,-5225244136.571862,-2.0016640250798434,1.437801064246423,172827
12,Fridge [kW](t),85.07934161167645,84.49797824524481,-1818936.586028482,-2.003063737424008,1.538306646714029,172827
12,Wine cellar [kW](t),75.57470892614383,74.87407831591256,-1454485.1035562798,-2.0032538105302886,1.3475862122568443,172827
12,Garage door [kW](t),50.52532835910533,50.50222139358195,-88977562510.06969,-2.0010270407697415,6.130907281904333,172827
12,Kitchen 12 [kW](t),36.19013419935974,36.07582666200581,-89686638055.83536,-2.0000719811758065,2.801757816683675,172827
12,Kitchen 14 [kW](t),41.27917354574971,41.18080558663936,-2061468264245.5261,-2.000004074493772,2.7958382033757543,172827
12,Kitchen 38 [kW](t),31.64117677125077,31.50752675306457,-10916074873934.035,-2.0000010575029843,2.2956689581319125,172827
12,Barn [kW](t),32.527027949657075,31.823563392117634,-68406.60360811946,-2.0048404057780282,0.9517588003373277,172827
12,Well [kW](t),40.05609091397436,39.87378873121843,-392458506380.40704,-2.000097692061475,1.8598735566009168,172827
12,Microwave [kW](t),74.06859351881934,73.9316543326628,-675674554291.0519,-2.0002190861368883,2.824039762646112,172827
12,Living room [kW](t),45.780690473993644,45.21403131044178,-672998304902.2454,-2.000085783740683,1.2743751212389272,172827
12,Solar [kW](t),84.31777976184414,83.92200851349487,-364716.9354889163,-2.0051308252086706,1.8519385899371141,172827
12,temperature(t),8.305071149609779,7.933842290495311,-0.8192749811463416,0.12436115539076065,0.5439944577815755,172827
12,humidity(t),37.139181943695654,36.90966536944714,-52300.22948139996,-2.084673470092277,1.7559810120004828,172827
12,visibility(t),2.2659328411365567,2.1200184122468557,-0.31026345698890445,0.16871690031024877,1.0275293181004335,172827
12,apparentTemperature(t),7.998849368849773,7.686117342878762,-0.698759974196655,0.11988631684758673,0.47687640922776325,172827
12,pressure(t),176.4266370799995,171.79504130005125,-1897.6945096786974,0.18484223833416769,0.8391132658998419,172827
12,windSpeed(t),61.626374380760055,61.44755462191451,-639.1985667331286,-2.440418514182569,4.187422604708986,172827
12,windBearing(t),29.47735283768357,13.28855685353516,0.7590526507982462,0.05609022001997558,0.11789963195621349,172827
12,precipIntensity(t),34.49531774152364,34.37412778947652,-4665789.28065182,-2.0005876735207,3.0207944299382157,172827
12,dewPoint(t),6.858976903287452,5.8668898883918175,-4.214428421037601,0.09945916891559524,0.7243970338792725,172827
12,precipProbability(t),48.95835075528911,46.673661142580556,-41827.228278529234,4.0,-2.009946631861834,172827
13,use [kW](t),42.4983616762254,39.7111284389913,-17091.17262461261,-2.0470301912757374,1.0000522008583965,172827
13,gen [kW](t),69.0384332173805,68.07371347639422,-259372.39801415007,-2.0048303980953106,2.226702902836921,172827
13,Dishwasher [kW](t),32.89395536767349,31.066627362466992,-31739.026694946457,-2.0037203318492445,1.133192731849552,172827
13,Furnace 1 [kW](t),72.01178559324984,64.88870076707485,-917555.8893575333,-2.001732499594574,0.8286956208317926,172827
13,Furnace 2 [kW](t),46.003227166204006,45.84453645039602,-147819088.57409626,-2.0058435993620356,3.466830370612803,172827
13,Home office [kW](t),38.38173543856774,38.25704259213068,-253205.57326565482,-2.0065695183417254,3.826679375231677,172827
13,Fridge [kW](t),79.21282101774501,78.77501098977741,-1250692.8473069838,-2.0030753063774824,3.624489757058273,172827
13,Wine cellar [kW](t),77.19509416240169,76.40158334823782,-2559402.07127627,-2.001659068082829,2.43370505530538,172827
13,Garage door [kW](t),69.75458620884294,69.60015765259318,-68352472.50271381,-2.000798944947263,4.528430061488772,172827
13,Kitchen 12 [kW](t),42.4187080001898,42.14117910329985,-61235626925.33796,-2.000061658387474,3.3708201388127947,172827
13,Kitchen 14 [kW](t),60.99277073358803,60.947387855895,-480493.8438650213,-2.0005132428603836,8.544679053225293,172827
13,Kitchen 38 [kW](t),71.76211324796392,71.44461943444703,-51907368215051.33,-2.000000492310984,3.585944334254839,172827
13,Barn [kW](t),53.5637223578725,53.24741553705353,-749003.4321065928,-2.0033499879666588,2.9666491306376006,172827
13,Well [kW](t),65.99509462644457,64.60179331619325,-296947.78499238554,-2.000737709160011,1.7153089178633871,172827
13,Microwave [kW](t),46.821369630785306,45.747029770808915,-242201886695.11206,-2.0003529204236816,1.504178161099992,172827
13,Living room [kW](t),47.78084995739934,47.667452844643066,-304596.44798371475,-2.002209740397991,4.249056805747597,172827
13,Solar [kW](t),41.99215896565268,41.25508072866065,-95956.73445203737,-2.0079830206313507,1.6646896477408235,172827
13,temperature(t),113.10590180335134,111.68346770936878,-160.8839791614817,8.523544058263683,3.171407088342224,172827
13,humidity(t),55.85433389411874,53.44371168299651,-88675.23665203112,-2.041637512839619,1.3328297483241054,172827
13,visibility(t),1.3822613831813955,1.2096948322576744,-510.2102811167966,0.12896558074449116,0.4954066766588918,172827
13,apparentTemperature(t),6.664291610364266,5.934160661033797,0.4153580216375723,0.08948903746288925,0.24547923842137828,172827
13,pressure(t),104.89124673183704,91.96962706670135,-1690.1846818390152,0.09527419278417687,0.6386860813212789,172827
13,windSpeed(t),73.43135547348483,72.02129702619247,-433.3802694819464,-2.3513630762061832,1.9474738650250618,172827
13,windBearing(t),48.78487365938896,34.17917690694214,0.8313950895930291,-0.042522842952116356,0.20955809978734033,172827
13,precipIntensity(t),65.8396981897309,62.08504439777958,-201117127446.50497,-2.000001460192803,1.0839484795155734,172827
13,dewPoint(t),5.809731785494286,4.318597157897343,-1.5999150115965692,-0.012928017396004899,0.26132511885022336,172827
13,precipProbability(t),48.95835075528911,46.673661142580556,-41827.228278529234,4.0,-2.009946631861834,172827
14,use [kW](t),45.05083581303804,44.93818013425974,-12642.799965692517,-2.044458547810847,3.3661909466428734,172827
14,gen [kW](t),37.32241964282603,37.195414186821424,-59839.37827234485,-2.0135569068146797,2.782584565929416,172827
14,Dishwasher [kW](t),45.728268519726,45.69213673307201,-60125.850084493635,-2.0025636779250022,5.847054410333565,172827
14,Furnace 1 [kW](t),55.612700434203894,55.45580479184381,-6361387.122061413,-2.0017429338541652,3.260985512125451,172827
14,Furnace 2 [kW](t),64.23013964180826,63.87796535018147,-172776280.00340125,-2.0042818054409097,2.6562515689017063,172827
14,Home office [kW](t),65.54768577685505,65.31521310744094,-298374.14738287206,-2.006278450897958,3.572752687588007,172827
14,Fridge [kW](t),65.89647897988402,65.84946437790988,-821361.3265621276,-2.003924042479777,7.819020531940441,172827
14,Wine cellar [kW](t),50.37819292952982,50.256053733400535,-803058.1445293766,-2.0036454159277444,3.2696667648709954,172827
14,Garage door [kW](t),59.4898700590491,59.38050963154041,-25394241.647478387,-2.000997285312445,3.8137622680602936,172827
14,Kitchen 12 [kW](t),36.032817000593376,35.85600057364912,-57311145352.40712,-2.000072699735787,2.498573400306509,172827
14,Kitchen 14 [kW](t),79.25895744834767,78.78865699526834,-1033834.4105107632,-2.000318443936812,2.6937569902150638,172827
14,Kitchen 38 [kW](t),62.08625062492345,61.78091000691729,-39705470113334.875,-2.0000006123223755,2.6973545724523493,172827
14,Barn [kW](t),48.79348013217487,48.732578465038216,-136347.0255972258,-2.002971093806556,5.238849426355972,172827
14,Well [kW](t),74.0846851518467,74.00603871310193,-262561.04694554006,-2.0009926382273737,4.965490011021189,172827
14,Microwave [kW](t),39.609999176395384,39.40809222921737,-171372.78440746557,-2.001001557224995,2.3583071111642804,172827
14,Living room [kW](t),44.84060596264522,44.779168284450726,-300520.8136660383,-2.0020982223909263,5.661094109743628,172827
14,Solar [kW](t),45.858224407471475,45.779003535889366,-90340.8994220769,-2.0110009954494004,4.207399778061108,172827
14,temperature(t),2.766190065292377,2.0720297853989345,0.8057769717902118,0.012900123185341485,0.1236325478601645,172827
14,humidity(t),42.30762519198573,42.21817758002765,-53117.63767757608,-2.0650364004413655,3.904878329001937,172827
14,visibility(t),0.8253052618489504,0.4316029161487374,-0.12164934726074317,-0.03765141770590414,2.163363832200961,172827
14,apparentTemperature(t),2.4435907052135457,1.810693041154927,0.8400836332603678,0.014870008495313456,0.10311904848049858,172827
14,pressure(t),17.915159709831897,15.061452573620771,-24.24573201716647,0.00998401348801502,0.3216287954954365,172827
14,windSpeed(t),2.1519165176349375,1.693590466061359,0.44437989865270855,0.030892553987126842,0.4525391086119028,172827
14,windBearing(t),12.20225368331989,10.833303705598441,0.9128182876481454,-0.03789763324906398,0.107619771165968,172827
14,precipIntensity(t),57.18526489772817,57.064230747400366,-50389907.173866466,-2.000199801803094,3.419496253997297,172827
14,dewPoint(t),10.627429742534911,9.623935765897778,-4.7225808986847335,0.17203235570688458,2.0423577857330324,172827
14,precipProbability(t),48.95835075528911,46.673661142580556,-41827.228278529234,4.0,-2.009946631861834,172827
15,use [kW](t),56.63533631632646,54.33461426690483,-11581.020823826708,-2.0429633807196734,1.0336307807973932,172827
15,gen [kW](t),41.83755559970848,41.71952017536455,-70856.49324958689,-2.0116087259695337,3.0312185925840907,172827
15,Dishwasher [kW](t),46.59655245241068,44.986768024006274,-54064.711743878834,-2.0031055460959277,1.4744650490514053,172827
15,Furnace 1 [kW](t),50.389128329513696,50.135038565067966,-336719.3942080512,-2.002574290085714,2.8380635418046567,172827
15,Furnace 2 [kW](t),46.5365138804026,46.387860776613486,-116905958.74416405,-2.005860640294105,3.122546547206973,172827
15,Home office [kW](t),68.66233246106033,61.522168109875125,-858124.7064781386,-2.003961725275455,0.7580926682267117,172827
15,Fridge [kW](t),33.19237986757593,32.891212232813295,-159400.43333683844,-2.0100495592755725,2.3947735060140753,172827
15,Wine cellar [kW](t),55.00519253633138,53.25681635322663,-900064.0183248365,-2.0036131911936312,1.2541508803276935,172827
15,Garage door [kW](t),43.04542612756821,42.36910677572667,-10452477.561727358,-2.001412004520764,1.878235241346715,172827
15,Kitchen 12 [kW](t),60.38449036732094,60.218924305077415,-144439553120.5759,-2.00004253623338,3.470886340695176,172827
15,Kitchen 14 [kW](t),52.967796369043434,51.833617730682576,-1007242.4490476158,-2.000489195630588,1.31011787893134,172827
15,Kitchen 38 [kW](t),35.555128669040926,35.489215480841125,-14680945618544.777,-2.000000976345084,4.444169632954798,172827
15,Barn [kW](t),107.95340660163546,107.82452104230883,-128266.20788348951,-2.0027997791318097,5.394924957350334,172827
15,Well [kW](t),38.61949633355747,37.70829654887458,-39955.37187404348,-2.0032353889821426,1.5780472841795428,172827
15,Microwave [kW](t),65.98958687547145,65.51284024603697,-2956926.668782563,-2.0005050330448855,2.78765286233008,172827
15,Living room [kW](t),25.82686559745409,25.706799138252652,-144676.30400503913,-2.0039889298057183,2.6429190709045627,172827
15,Solar [kW](t),54.117933912316815,48.936058606520774,-118558.29139928744,-2.009888336453579,0.8169313915609204,172827
15,temperature(t),3.4596171418618313,2.8607760580680957,0.653571813423119,0.02930221519412008,0.19111793803977592,172827
15,humidity(t),45.80581537728992,45.14247406187872,-128405.39356888692,-2.0719683611577846,2.0260418028117027,172827
15,visibility(t),72.26563840527562,72.01347889742843,-3520.5675810212842,-2.66843913396087,3.2518690027991357,172827
15,apparentTemperature(t),3.7233987407624847,3.102750805651929,0.5987304222672049,0.03500805853311043,0.2083310597411366,172827
15,pressure(t),79.5695952330056,69.8073473271698,-597.1660956530751,0.07137121225629371,0.639625590502854,172827
15,windSpeed(t),2.0283219926685683,1.7181529457384264,-0.2161719818911778,0.4335669759620416,0.5189753896380322,172827
15,windBearing(t),36.79940668232765,25.070463923763327,0.8964546590699989,0.14725412757962386,0.12397426039018654,172827
15,precipIntensity(t),35.87928989241842,35.645561119980556,-35983537.875206664,-2.000398457066873,2.6771219475115395,172827
15,dewPoint(t),4.285064501711089,3.2662907955708134,-0.8623607376499263,0.010854349770855507,0.30032198979570573,172827
15,precipProbability(t),48.95835075528911,46.673661142580556,-41827.228278529234,4.0,-2.009946631861834,172827
16,use [kW](t),83.60387519250148,82.65295310162351,-1397.9771371690967,-2.0863573322345412,1.4722092991994977,172827
16,gen [kW](t),70.2723992353107,70.1050529168401,-383011.85648523754,-2.0041406836985405,2.6145646491353527,172827
16,Dishwasher [kW](t),44.071226186607916,43.49414027026774,-67346.99134714364,-2.002237723899078,1.3854393355582308,172827
16,Furnace 1 [kW](t),34.55578585990567,34.54170775524068,-35635.000011953656,-2.0107036747151508,8.617013092532295,172827
16,Furnace 2 [kW](t),96.73461791636929,96.17206715482672,-209455.86626947895,-2.006219820419018,2.2197020158782355,172827
16,Home office [kW](t),47.704188564701255,47.05606596505262,-107782.63683163354,-2.0100313946307873,1.3795049423664094,172827
16,Fridge [kW](t),63.184802702025884,62.97089117921407,-543663.36943466,-2.0051447620414846,2.79789609771636,172827
16,Wine cellar [kW](t),44.96938986776048,44.726568777606765,-487164.4177031557,-2.0055688323115324,2.72133183532613,172827
16,Garage door [kW](t),45.27964338080055,45.01836260412857,-896458.9773240311,-2.0015299146252334,1.624232455568382,172827
16,Kitchen 12 [kW](t),55.61792107982577,55.4217786961874,-72009419172.18646,-2.00004558915192,2.264675919106402,172827
16,Kitchen 14 [kW](t),34.29938580469182,34.166598545741074,-128239.68934052864,-2.0010357788468904,2.3895924860789393,172827
16,Kitchen 38 [kW](t),46.1231917329156,45.95679695312918,-26022316137131.71,-2.0000008204787068,3.196423971104149,172827
16,Barn [kW](t),96.07487394039806,95.8164539455267,-3397003.705709297,-2.0016448019386486,2.9320088544533967,172827
16,Well [kW](t),64.00291317101295,63.13197046010489,-233394.88006598115,-2.001007658538119,1.2182154632304414,172827
16,Microwave [kW](t),33.82817189090717,33.65435667800616,-69621.16806943297,-2.0018017603354425,2.721194661229701,172827
16,Living room [kW](t),53.95486513849754,53.4984076976189,-451372.7341363389,-2.0017530748299266,1.6061977135515288,172827
16,Solar [kW](t),34.55279616986154,34.42204435884359,-92598.82919732793,-2.0084511891672827,2.1925641741399957,172827
16,temperature(t),2.363801858325855,1.8300671902423353,0.9498705396315218,0.004174280070078266,0.0775805384180813,172827
16,humidity(t),70.42833697974304,69.86510731388039,-126435.01377491275,-2.0358812252763316,1.7037279332033914,172827
16,visibility(t),0.7106871937009376,0.6061865868388303,-1.5082430626469079,-0.00971230767968973,0.28504320147850093,172827
16,apparentTemperature(t),2.613445359851284,2.1789528384502557,0.9420747289091493,-0.012904761943302938,0.08045905301436555,172827
16,pressure(t),95.81239932733443,77.30945987648329,-418.3448895585293,0.0776528616862021,0.4396564705711641,172827
16,windSpeed(t),2.611627799459258,2.1069725603706555,0.4662132735020189,0.15169704023297365,0.41649471436068414,172827
16,windBearing(t),44.080930304321186,28.588585417502916,0.5404164677650066,0.0722118735420203,0.16486641127211804,172827
16,precipIntensity(t),62.51302998513967,61.83041546667262,-6105318031.038522,-2.0000145978485517,1.3263553181051004,172827
16,dewPoint(t),5.869512236951372,4.640717448846958,-0.27910625414930923,-0.0121840519801697,0.3384093015852871,172827
16,precipProbability(t),48.95835075528911,46.673661142580556,-41827.228278529234,4.0,-2.009946631861834,172827
17,use [kW](t),49.73453477993218,48.220256592495495,-316.8118094553616,-2.2100851651776714,1.4087007415781791,172827
17,gen [kW](t),85.76609090266626,84.79452211626261,-399572.6458520136,-2.0048246580602984,2.090221878550921,172827
17,Dishwasher [kW](t),53.391133368376934,52.68251747386196,-66870.3295720868,-2.0029156063522326,1.8544999601464507,172827
17,Furnace 1 [kW](t),48.37806706673985,48.21855940539582,-55621.96328966826,-2.0105367857890792,3.166400556564416,172827
17,Furnace 2 [kW](t),66.01854788259459,64.56775234313771,-72661.56883478418,-2.0113879828676566,1.5143905814822527,172827
17,Home office [kW](t),43.51714323642283,43.28661642295764,-106180.17943052079,-2.009691444736894,2.8391887026784777,172827
17,Fridge [kW](t),55.47109496577595,54.246257198089644,-400127.831350926,-2.006698290541407,1.4382318944773183,172827
17,Wine cellar [kW](t),42.51812840250093,41.32608939405419,-450348.616328829,-2.0074482978713566,1.353568468894462,172827
17,Garage door [kW](t),91.06397555869908,91.02130718315777,-139096857.17024133,-2.0006081331851746,11.46108186077421,172827
17,Kitchen 12 [kW](t),48.45613754347958,47.637273740878456,-47872343627.06133,-2.000050379227947,1.6655008108808966,172827
17,Kitchen 14 [kW](t),55.00930441690843,54.86015847116128,-840431.2756882508,-2.0004533113641023,3.556425426937018,172827
17,Kitchen 38 [kW](t),58.24803357294349,57.31696567917971,-38012567850128.96,-2.0000006184161525,1.9382605653436065,172827
17,Barn [kW](t),60.9410826706869,59.46544075358541,-13042103.949293535,-2.0021064997240363,1.6164044699059246,172827
17,Well [kW](t),55.018254667454784,54.650284855547575,-123942.89215124409,-2.001407613261591,2.775232435332139,172827
17,Microwave [kW](t),39.362870711206035,39.07399508113034,-65912.05946659391,-2.0023329659442766,2.670658402761258,172827
17,Living room [kW](t),81.63307435548612,78.54831834841104,-688135.6498804174,-2.00178203386337,1.2983323016572386,172827
17,Solar [kW](t),31.567396794633968,31.432601021978712,-54129.637628317556,-2.0130688162817814,3.0370901851671164,172827
17,temperature(t),3.450171897694943,2.9194634557765715,0.8210311701501658,-0.003156886690145098,0.18004988009825107,172827
17,humidity(t),49.930268805881234,49.883064937705306,-64561.87899828443,-2.0597893599376227,6.855845855851379,172827
17,visibility(t),59.72778838035061,59.36209757021834,-1452.0991462710988,-2.8868350328304135,3.5060409895511757,172827
17,apparentTemperature(t),3.8300476088432194,3.2825055186459373,0.776141568096642,-0.014322555852297332,0.20479820115855019,172827
17,pressure(t),83.48670701175885,80.34365600343254,-2003.5267085233768,0.0819974562534642,1.1041400281883262,172827
17,windSpeed(t),1.6888331167118318,1.4182017455849922,0.3025151506319411,0.18063584164633925,0.41220041679043495,172827
17,windBearing(t),20.28063277981894,12.858600294613696,0.9465854144382422,0.04622256598005476,0.07853634425849501,172827
17,precipIntensity(t),46.549883427503055,46.01387132672714,-2715014.269710723,-2.0006535734095636,2.0448385910139977,172827
17,dewPoint(t),4.793844629575523,3.592004602633224,-1.5259257472319097,-0.056583038435815414,0.6044139824148065,172827
17,precipProbability(t),48.95835075528911,46.673661142580556,-41827.228278529234,4.0,-2.009946631861834,172827
18,use [kW](t),44.69764263893252,41.84910202140021,-435.6690330364115,-2.1624611098738966,0.9012242123465432,172827
18,gen [kW](t),68.34880186414408,67.54345132848991,-217675.3293949188,-2.006399420157584,1.924861663100773,172827
18,Dishwasher [kW](t),44.63744080592164,44.595545954882226,-53919.23189454744,-2.0030569039276407,4.709889263829082,172827
18,Furnace 1 [kW](t),61.757387274019024,60.458631276890245,-486780.1772778753,-2.002117972374902,1.5471129311762726,172827
18,Furnace 2 [kW](t),49.34253370001329,48.87172241315471,-46000.480083032875,-2.0136025711643364,2.1016036315120874,172827
18,Home office [kW](t),46.027657812543865,45.00460937201031,-77535.1415315324,-2.0115193179917528,1.4108414377790346,172827
18,Fridge [kW](t),58.68892598793012,58.550592283880555,-498751.3459973828,-2.0060019712411257,3.4074483973489706,172827
18,Wine cellar [kW](t),41.8185322380028,40.57498322606256,-1346519.900471143,-2.0146103148028565,1.2586797200298991,172827
18,Garage door [kW](t),34.31854377486685,33.796462807949844,-16736582.991430398,-2.0017030712717236,1.7378639556703492,172827
18,Kitchen 12 [kW](t),59.980822708196904,58.788692208622415,-2532326.581144593,-2.000835440858365,1.4557364118988894,172827
18,Kitchen 14 [kW](t),40.77051646652807,40.71802729495739,-664525.588380848,-2.0004801922887387,5.083390060804998,172827
18,Kitchen 38 [kW](t),61.234491650213855,60.046279136367346,-38187581275624.34,-2.0000005791426148,1.553858621160491,172827
18,Barn [kW](t),51.09746280748076,50.932176584363475,-48608.449913981,-2.0038386832494455,3.2207028017101806,172827
18,Well [kW](t),48.43982995621945,47.4059558264982,-82976.66655557918,-2.002067781547226,1.4877928475637756,172827
18,Microwave [kW](t),81.88122328875001,80.17349968115973,-224094.6394469841,-2.0012394629204504,1.4885238290069491,172827
18,Living room [kW](t),66.07322106183707,65.06720869424706,-390491.35790276557,-2.0026788576867545,1.7555288020320965,172827
18,Solar [kW](t),47.923178492178046,47.899092217652,-107013.00633649372,-2.009035805514116,7.563443462288979,172827
18,temperature(t),5.5926656454840735,5.00579991850654,0.10680593384916981,0.06687512223330719,0.26874804531239754,172827
18,humidity(t),62.20699804940687,62.15542657780126,-231211.08825216803,-2.0472265934184026,5.444141631041197,172827
18,visibility(t),0.8717912639126753,0.7412581639830209,-15.728963917645082,0.07095922205092557,0.40728791459329655,172827
18,apparentTemperature(t),5.840818492320158,4.980220687593191,0.41972407572057546,0.06024806628854901,0.24525216736646918,172827
18,pressure(t),84.54119329147395,64.36924614422837,-447.4684107366451,0.06150437637148243,0.33988602703768356,172827
18,windSpeed(t),3.2161144389954552,2.375021849342179,0.08597107643652813,0.24785746207107207,0.6741054140840425,172827
18,windBearing(t),25.366639273556768,18.74382755059608,0.9305456898737448,0.07363201231653796,0.09227052431861257,172827
18,precipIntensity(t),38.40367476570428,36.78086524855991,-35952710.29101944,-2.0001878151805372,1.0420924920782555,172827
18,dewPoint(t),7.478358170644279,6.991120249632575,-2.043779032197366,0.11047837475704876,0.4526395356986632,172827
18,precipProbability(t),48.95835075528911,46.673661142580556,-41827.228278529234,4.0,-2.009946631861834,172827
19,use [kW](t),46.51902980893455,46.088943600982844,-454.1791068568878,-2.1390288105992625,2.1083131407898326,172827
19,gen [kW](t),41.130707832780246,40.81422823345838,-85928.10468746196,-2.009233401628328,2.1348511635007417,172827
19,Dishwasher [kW](t),42.00041370403565,40.59703057419315,-55312.831928918815,-2.0028589880259426,1.0094885486594734,172827
19,Furnace 1 [kW](t),36.23052707590953,36.134433392136735,-36366.465566142586,-2.0097687757412706,3.563369824443924,172827
19,Furnace 2 [kW](t),36.94324705789404,36.66320582766638,-33630.47540904627,-2.0151605543403077,1.9924210784690333,172827
19,Home office [kW](t),60.1816419144825,58.87189204626169,-179921.7682242677,-2.0079062556534417,1.2344343640747644,172827
19,Fridge [kW](t),41.68322333084051,41.50978301067688,-299192.33160288905,-2.0068495859801425,2.570401214003904,172827
19,Wine cellar [kW](t),80.47671944501758,80.21025192598192,-1755855.2553478724,-2.0035763933367665,3.177887552476964,172827
19,Garage door [kW](t),33.41580951941309,33.288699009846475,-14244048.021339608,-2.0016553808665116,3.173644522504172,172827
19,Kitchen 12 [kW](t),86.68588587668825,83.86183411215211,-205553889505.70184,-2.0000314779912065,1.1078435733728602,172827
19,Kitchen 14 [kW](t),39.35676542992905,39.31126878756763,-392068.1927859199,-2.0005803709817105,5.899098546751778,172827
19,Kitchen 38 [kW](t),78.17139059365199,77.9306824899419,-70884962320366.11,-2.0000004292851075,3.1030768579068337,172827
19,Barn [kW](t),49.96718366428068,47.005016671909694,-3962286.942623424,-2.002771598440332,0.7793649075264364,172827
19,Well [kW](t),42.428980710323394,41.66546207625571,-140670.45308804043,-2.0011119757020293,1.5035359573901617,172827
19,Microwave [kW](t),47.987813442727784,47.71918860702592,-331712.8942038057,-2.0006513373752397,2.3826779149642223,172827
19,Living room [kW](t),88.40501598518767,85.35967122669189,-1057534.974851718,-2.001246725151265,1.11133703303971,172827
19,Solar [kW](t),37.6448997080361,37.28424655583612,-71980.38666062526,-2.0101120170190456,1.8357881185464793,172827
19,temperature(t),7.717187740285423,6.274195544809754,0.19158617963604607,0.08538533998489649,0.40077667765629177,172827
19,humidity(t),63.696327581102935,61.06039798145028,-135204.2369986494,-2.0439925829867054,0.9921900553246309,172827
19,visibility(t),0.46328638169629255,0.3582137844624149,-0.5142736463479818,0.02775177677440171,0.426792470261968,172827
19,apparentTemperature(t),7.793086043632672,6.139705201408734,0.23941481482405158,0.07689469745292148,0.4313702310332483,172827
19,pressure(t),96.08795188546586,71.58076424752267,-1211.9714901034522,0.07041103778721021,0.36543433546581355,172827
19,windSpeed(t),3.278152794721421,2.6401576989213704,-0.06123795731904247,0.37071217825238634,0.598118906261228,172827
19,windBearing(t),47.485263219622446,28.012468229942247,0.7717367314485264,0.07713767960058092,0.17434975378436463,172827
19,precipIntensity(t),106.71370319577676,105.34339535810042,-20895409553.489574,-2.0000030799631636,1.7386481695454123,172827
19,dewPoint(t),5.566561818104382,4.7322949506937855,-1.5594916872071751,0.05197583321019995,0.42125195435443324,172827
19,precipProbability(t),48.95835075528911,46.673661142580556,-41827.228278529234,4.0,-2.009946631861834,172827
20,use [kW](t),54.94122874463365,54.89855154235161,-706.4780435823399,-2.1002540016271998,7.171641440687304,172827
20,gen [kW](t),35.36695918743956,35.12201017592177,-72718.65218517496,-2.0102240031685508,2.2180582446713966,172827
20,Dishwasher [kW](t),79.29363549254596,79.00858333002415,-245927.0181511081,-2.001159009468431,3.5015856397585097,172827
20,Furnace 1 [kW](t),80.69509474048908,78.83844964940045,-303862.0057139108,-2.003647147587857,1.3596508567502248,172827
20,Furnace 2 [kW](t),81.80161596998698,81.22189880642266,-247007.58392473072,-2.005440672378009,2.0948989773290134,172827
20,Home office [kW](t),79.40426840027311,79.2538440166339,-425809.1431911592,-2.0060662600365897,3.8371209002622053,172827
20,Fridge [kW](t),61.422390749439764,60.878885748180416,-598772.3064877054,-2.004931779598962,1.9783637936665786,172827
20,Wine cellar [kW](t),52.67037538233361,51.97628198662806,-772903.3604366514,-2.0051262727036794,1.963857034913401,172827
20,Garage door [kW](t),45.01924428647775,44.93792044904247,-20212241.190393567,-2.001239808879698,3.6959343004889975,172827
20,Kitchen 12 [kW](t),29.052981973914115,28.845662348959383,-30768615836.572903,-2.000092739742517,2.1202953651422463,172827
20,Kitchen 14 [kW](t),48.29287016653761,48.03148126815181,-1070153.6210640778,-2.000408436049437,2.5604519606928187,172827
20,Kitchen 38 [kW](t),68.39968820251059,68.29272338652858,-52317042588709.82,-2.000000505390951,4.4817052896342,172827
20,Barn [kW](t),46.75056387492462,46.664028544506266,-47042374.491492935,-2.002594333958935,3.781690095064898,172827
20,Well [kW](t),60.62790443577606,59.360321583883604,-143725.54146570113,-2.001457261999505,1.6332623244189592,172827
20,Microwave [kW](t),67.30662024227198,67.00737286773801,-262194.809175134,-2.0008662381394857,2.7595788093305256,172827
20,Living room [kW](t),68.16731388959411,67.86034627928291,-634159.5364951744,-2.0016963190700134,2.891935216845755,172827
20,Solar [kW](t),74.16867813065144,74.1351874598743,-319812.9683321473,-2.0048306907224296,7.579902333470105,172827
20,temperature(t),7.040138090289958,6.300823080923638,-0.3183717752423052,0.08711322357459067,0.44814702760860703,172827
20,humidity(t),54.63727183054748,54.481547990499394,-154439.7839118875,-2.058607187460135,3.769791567219576,172827
20,visibility(t),1.5632125056920048,0.8618660343238421,-0.34571407208959326,-0.08412933925637302,2.343751462201641,172827
20,apparentTemperature(t),7.671213230933306,6.678839778407195,-0.1563105071560018,0.09140580944607334,0.43011698955482397,172827
20,pressure(t),36.81653377898928,29.73231502100677,-208.80805827967131,-0.022607697655513244,0.3022451290875658,172827
20,windSpeed(t),2.94050315000073,2.3529508907515293,-0.19816060210493247,0.23669424610680473,0.680060748979948,172827
20,windBearing(t),53.00498840740725,31.508503011396343,0.723675470259175,0.0683883141374408,0.2085600889076436,172827
20,precipIntensity(t),116.99405777653844,111.57647810175082,-73605804.95499684,-2.0001341287693006,1.069161248578209,172827
20,dewPoint(t),9.279540727743491,8.749249037027834,-9.713809992248429,0.1392602075571207,0.7247030447402918,172827
20,precipProbability(t),48.95835075528911,46.673661142580556,-41827.228278529234,4.0,-2.009946631861834,172827
21,use [kW](t),64.07391492013518,61.449729833319786,-2162.4611078039447,-2.069644503447503,1.0993206229244588,172827
21,gen [kW](t),93.44301005025338,92.93709263974498,-423451.2812247072,-2.004120556092743,2.904313993859469,172827
21,Dishwasher [kW](t),80.9290583148399,78.4594369854542,-115390.21792934705,-2.002452975860396,1.2848716524103028,172827
21,Furnace 1 [kW](t),73.53979787205557,71.90614522846094,-552393.1014463428,-2.001786067514281,1.3847297705847204,172827
21,Furnace 2 [kW](t),83.10658438975763,80.01335100471569,-396996.2674189565,-2.0047859664125456,1.124002006470015,172827
21,Home office [kW](t),53.633570872289354,51.77482993116938,-387022.4013395728,-2.005603254216521,1.1980094243087809,172827
21,Fridge [kW](t),74.13054847789861,74.01158873470801,-698583.6872080835,-2.004856397399609,4.399222360810083,172827
21,Wine cellar [kW](t),76.36407602426372,76.1865820537015,-1538327.018656039,-2.00389380705587,3.834003797790461,172827
21,Garage door [kW](t),81.23564360968415,73.10490106926261,-295978477.1296569,-2.0007579953716808,0.7487468305370861,172827
21,Kitchen 12 [kW](t),50.76639362319083,50.69808971003548,-1590101.5606330347,-2.0001959084950234,4.913298211710133,172827
21,Kitchen 14 [kW](t),59.21268458620744,58.241213361944666,-367166.39438635495,-2.0008177182599627,1.617178319133339,172827
21,Kitchen 38 [kW](t),40.11147593403183,39.96476525912144,-16737778633471.766,-2.0000009399535723,3.025995327398221,172827
21,Barn [kW](t),73.3127307133727,71.2687407104188,-26055.54960314207,-2.0062446802794085,1.412897448470696,172827
21,Well [kW](t),48.83133379213966,48.74171018229004,-132079.28581532385,-2.001090577337454,4.372349835230168,172827
21,Microwave [kW](t),45.900942467865185,44.31088312942318,-96590.51108448618,-2.001618465641132,1.1412893192926035,172827
21,Living room [kW](t),55.32157726263358,54.4921974425243,-329219.1514812994,-2.0035762404032678,1.7497725100850885,172827
21,Solar [kW](t),63.269819044868484,61.88663579069038,-194134.0813221925,-2.006194371208778,1.4724443801822586,172827
21,temperature(t),6.142038968383245,5.625680269578817,0.4939626178276303,0.08735279312762677,0.23587391031508,172827
21,humidity(t),47.421668882974906,46.88222027788105,-55091.26986350077,-2.066119660066093,1.9146595094456225,172827
21,visibility(t),2.277289690642298,1.8370783021672819,0.04098914242830509,0.023837805705061374,2.326910200299,172827
21,apparentTemperature(t),6.167583456527203,5.464918387320122,0.4875691479000588,0.08471942639048304,0.2407348507102604,172827
21,pressure(t),95.95764373672388,71.89465982911126,-1979.6417345084433,0.06233168785723604,0.3530993775123569,172827
21,windSpeed(t),2.0790614842978026,1.7506339839912548,-0.5803530301257187,-0.30773177723223705,0.3362611455021562,172827
21,windBearing(t),56.707029162492304,29.65766995280211,0.7386936791100449,-0.014253565295258954,0.18998701008559116,172827
21,precipIntensity(t),78.34088194600591,77.20703930409243,0.0,-2.0,1.6776720958674851,172827
21,dewPoint(t),8.813570597375685,7.577977824277479,-2.3725576879656676,0.1291890363379619,0.5946931845960179,172827
21,precipProbability(t),48.95835075528911,46.673661142580556,-41827.228278529234,4.0,-2.009946631861834,172827
22,use [kW](t),54.39401600527744,54.27129838206688,-5885.642743319577,-2.0565556016427955,3.613143514726413,172827
22,gen [kW](t),50.60616538715867,49.73498992408474,-192446.08759172563,-2.005430784792562,1.305510599614168,172827
22,Dishwasher [kW](t),51.353003502697895,50.45888238408741,-56176.286016133796,-2.003208087462497,1.361729043907624,172827
22,Furnace 1 [kW](t),60.14136834762372,54.77319112957971,-308099.1760133386,-2.0025510416863366,0.6993339949225889,172827
22,Furnace 2 [kW](t),34.87255076786821,34.20560707102997,-31744631.718471084,-2.008139600453737,1.3032246991024385,172827
22,Home office [kW](t),63.31334095815466,62.99019123844858,-308014.95795922336,-2.005494865649456,2.1779878222335496,172827
22,Fridge [kW](t),53.26846304947626,52.91834639114157,-428065.5138897371,-2.005555376247698,2.296282796116039,172827
22,Wine cellar [kW](t),55.91791390836183,49.65759692797444,-953054.9506402123,-2.004108671817675,0.69960635952747,172827
22,Garage door [kW](t),48.34402768575113,45.96571091164674,-26080448.950945158,-2.0012268137576354,0.8585872769118643,172827
22,Kitchen 12 [kW](t),40.09599577924698,39.37051584678004,-78124647665.0439,-2.000070307005865,1.3221190001854601,172827
22,Kitchen 14 [kW](t),73.71265527586367,70.93016824059852,-938820.7807392593,-2.0004218911797973,1.0401393538249972,172827
22,Kitchen 38 [kW](t),39.59086266101658,38.95113675438322,-18461141444767.84,-2.0000008111710836,1.3312470411612722,172827
22,Barn [kW](t),73.86535059762417,73.1185927365976,-86001.09429481422,-2.003113423326448,2.169290047863266,172827
22,Well [kW](t),56.55884046560649,55.764266074462256,-261642.00959632779,-2.000684186192141,1.3645141156910656,172827
22,Microwave [kW](t),35.82153184077573,35.717911951062334,-242999.93744499786,-2.0007566696016226,2.7662895981239264,172827
22,Living room [kW](t),61.34876361526714,61.141854484770704,-649543.0734395667,-2.0015190952518616,3.3740415124539336,172827
22,Solar [kW](t),69.06608462747579,64.2008465710074,-358453.5975109592,-2.0042045374498425,0.7970129978644942,172827
22,temperature(t),3.400066797923865,2.207716870165724,0.7195731246486894,0.02619437661083803,0.1888855145642759,172827
22,humidity(t),98.20020317417426,97.63589443259875,-529602.7740815468,-2.0341462209156145,2.1803743446526953,172827
22,visibility(t),1.1352646115039755,0.7758063797922304,0.13723689325301147,-0.05075819897349845,0.4118541271249928,172827
22,apparentTemperature(t),3.4561399473670695,2.4723006998900154,0.735119554192255,-0.0030262718750325404,0.20232609744112723,172827
22,pressure(t),96.76394681009774,82.27437235473873,-370.10971439871247,0.0837813501048173,0.4511202610055152,172827
22,windSpeed(t),4.930017410444267,4.678001648502843,-6.561694922709199,-0.7649418320637501,0.9438057755156305,172827
22,windBearing(t),28.420102321753664,10.774228433491459,0.9043400949902781,0.05253225387004013,0.10277756859012763,172827
22,precipIntensity(t),35.33459319052688,33.800722423740034,-132458939.61250557,-2.000068559942457,0.8968944231518138,172827
22,dewPoint(t),6.4266667679121445,5.35626701794846,-0.9905317720826554,0.09036678289391632,0.6583599359611377,172827
22,precipProbability(t),48.95835075528911,46.673661142580556,-41827.228278529234,4.0,-2.009946631861834,172827
23,use [kW](t),55.26889251281143,55.185864442448874,-14046.189263831038,-2.048557535363493,4.347053777635159,172827
23,gen [kW](t),42.72454587052031,42.62604711799523,-132395.21034138216,-2.00714239913227,2.7460550782680007,172827
23,Dishwasher [kW](t),39.29250650283566,38.52973151648761,-35744.61223903975,-2.003801933936794,1.395989062085426,172827
23,Furnace 1 [kW](t),53.81841915608999,52.30653703556798,-1768730.7388185381,-2.0020708665227436,1.1068103978673418,172827
23,Furnace 2 [kW](t),37.57883051818311,37.347634122821844,-5762348.59856465,-2.007413269119486,2.287991433236507,172827
23,Home office [kW](t),45.06070324461993,44.967555151282845,-91356.26090851071,-2.0124173957341425,3.436580440234713,172827
23,Fridge [kW](t),73.01661617239509,71.85337044782187,-837789.163957415,-2.0036480632361413,1.4989278398340837,172827
23,Wine cellar [kW](t),94.34520152826728,91.61643383487217,-3752223.93233614,-2.0014397188737036,1.1199616730749107,172827
23,Garage door [kW](t),65.88920202751474,63.987769562725994,-315231549.7836273,-2.000841379706,1.1569294344244894,172827
23,Kitchen 12 [kW](t),71.03747168676787,70.80027269229701,-194499834426.6933,-2.000037425723885,3.2075477217298456,172827
23,Kitchen 14 [kW](t),75.99411623392625,74.25820578149819,-1023972.358201058,-2.000350744567937,1.2577588923375018,172827
23,Kitchen 38 [kW](t),45.18192754483008,43.93928001488588,-22316825171129.008,-2.0000008036034425,1.1240079865963641,172827
23,Barn [kW](t),77.68349160950534,77.40301430323709,-3985396.895523026,-2.0020143494277827,2.2795876896771587,172827
23,Well [kW](t),31.92488413120145,30.93130814958099,-46040.68070472225,-2.0021641312890432,1.0691375447418736,172827
23,Microwave [kW](t),46.77458790485241,45.716924716565366,-86195.46466002589,-2.0017428175364747,1.398741552572041,172827
23,Living room [kW](t),38.88274906776998,38.35129170098487,-135975.0286827319,-2.0043373194693586,1.5822353171150343,172827
23,Solar [kW](t),53.048103567666104,51.46747489259519,-204107.16082612897,-2.0059118028153717,1.0928234717391672,172827
23,temperature(t),3.7597563732936274,2.6675436301259836,0.9045752696212946,0.014671213288093305,0.13568978929354328,172827
23,humidity(t),46.59068984520754,46.259485621973724,-64269.299326787324,-2.067982004168563,1.7659086042306995,172827
23,visibility(t),1.5177353565231204,1.1996721087961975,-0.31910314671253937,0.07567717261531846,0.5424167806718286,172827
23,apparentTemperature(t),3.7634658251932596,2.608758490014503,0.9144453606902399,0.010309437860071545,0.12241728829881222,172827
23,pressure(t),63.93351226015861,43.271987785202846,-72.75462243240645,0.03474475740038378,0.3611140120813355,172827
23,windSpeed(t),2.1717645351603685,1.7860390677414169,0.287941304347232,0.18887033261605848,0.28960353319442156,172827
23,windBearing(t),46.868245529137255,19.779622309250577,0.7489732463553629,0.06030632463891931,0.15651987716909818,172827
23,precipIntensity(t),45.941455298773434,45.619007795184466,-723220286.5721372,-2.000030105442564,2.05680406976572,172827
23,dewPoint(t),7.049263531136611,6.062199698233936,0.5907652653533768,-0.00796662796956397,0.3736829827763461,172827
23,precipProbability(t),48.95835075528911,46.673661142580556,-41827.228278529234,4.0,-2.009946631861834,172827
24,use [kW](t),37.680823272140714,35.20815189269307,-3758.2478748649924,-2.0951926473987434,0.7976473642992792,172827
24,gen [kW](t),75.72745467106564,75.07291043372554,-633543.3559414572,-2.0028413205328905,2.3911339681134525,172827
24,Dishwasher [kW](t),39.96432266810169,39.71141152514165,-35262.58456398038,-2.0040898517060803,2.520392869005858,172827
24,Furnace 1 [kW](t),75.2403022917715,74.8530291506737,-6639366.392085932,-2.00145751209685,2.870535488242695,172827
24,Furnace 2 [kW](t),39.64610746413796,39.47009037155372,-117846.25317400345,-2.009606470533306,2.80848068416395,172827
24,Home office [kW](t),36.56710730551163,35.64372572435003,-106556.57560088627,-2.009629763117254,1.222892900448742,172827
24,Fridge [kW](t),33.069217525515306,32.84294944182073,-168596.9558407993,-2.0085610355972703,2.46028684266115,172827
24,Wine cellar [kW](t),37.900818323223355,36.12789479121167,-662407.2200507823,-2.0034359088831555,0.8792829815474453,172827
24,Garage door [kW](t),60.61516789499382,60.377701220640475,-19952227.615605626,-2.000984660228089,2.401748763849856,172827
24,Kitchen 12 [kW](t),71.57634834779597,71.45496728187143,-3048178.024408821,-2.0008057329308513,4.639648759764386,172827
24,Kitchen 14 [kW](t),28.436615080058825,28.150044630548308,-115478.30286782797,-2.00129674572348,1.5235079885016687,172827
24,Kitchen 38 [kW](t),65.07898035940144,64.31340271488442,-47903961525054.69,-2.0000005243088963,2.2009376562030836,172827
24,Barn [kW](t),47.35119541757576,45.66517468067212,-17301.4857585108,-2.009831723482557,0.97769726540717,172827
24,Well [kW](t),49.517344077906095,48.85412635066942,-65347.21020760705,-2.002400763552168,1.7619123989509722,172827
24,Microwave [kW](t),46.687170396597686,45.31116593268039,-168979.28051274244,-2.0012102930810696,1.2147462483168459,172827
24,Living room [kW](t),71.62131073760982,70.4722777495754,-488425.51230427594,-2.0024514989692226,2.102151952276077,172827
24,Solar [kW](t),67.88187164606487,64.40364186923965,-509069.4910800912,-2.003312799981733,1.1143414719437454,172827
24,temperature(t),4.260902615459864,3.237471533106051,0.7293590291780481,-0.06752394201683737,0.15217142389639188,172827
24,humidity(t),61.83966959337242,61.7472045792263,-295441.1533697774,-2.0525786343056565,4.212437030254852,172827
24,visibility(t),1.517003457817923,1.2558150123459684,0.4972291608897893,0.02478990184417669,0.28109447898698947,172827
24,apparentTemperature(t),4.939629786296503,3.443383122590143,0.7241351171656994,-0.04649504428537465,0.1433514440320702,172827
24,pressure(t),72.39796039171975,58.50300088628386,-93.71228022936319,0.05904669211908553,0.49439247657092666,172827
24,windSpeed(t),2.340019157924029,1.874995624786817,0.6126111763264079,0.10007943388537832,0.21646301456991485,172827
24,windBearing(t),43.704208173122495,19.412855212778506,0.8661604051951513,0.05688836280596062,0.14361324405363923,172827
24,precipIntensity(t),31.221531059805933,30.955840180147145,-4148927.066032139,-2.0009405872042563,1.8154705558031503,172827
24,dewPoint(t),7.73003987915504,6.618697194730785,-0.27277947331485763,-0.08919206170853843,0.259197856980337,172827
24,precipProbability(t),48.95835075528911,46.673661142580556,-41827.228278529234,4.0,-2.009946631861834,172827
25,use [kW](t),47.104490270066435,46.69518952728541,-5757.310336443669,-2.0640765822202805,1.15220686542908,172827
25,gen [kW](t),65.1295292943158,65.05751118420751,-2109589.8319499246,-2.001256159493026,3.688985628136703,172827
25,Dishwasher [kW](t),62.81546017569652,62.76786943865455,-118178.57054669029,-2.0018097542131135,3.8287037858755,172827
25,Furnace 1 [kW](t),48.277735507017134,48.264761339746414,-125487.19657995428,-2.0061298059717814,9.157300313994353,172827
25,Furnace 2 [kW](t),51.30886653215715,51.19419500015349,-51290.374036505455,-2.015398208542245,3.3395284516779693,172827
25,Home office [kW](t),83.73848120280586,83.21495307461849,-24734401.254539404,-2.00205191429571,1.44477987420229,172827
25,Fridge [kW](t),43.99376074068423,43.51068458589563,-365504.9746568343,-2.0046684634740886,1.0053326305735868,172827
25,Wine cellar [kW](t),44.3336500115459,44.272130928234155,-1490927.8333087263,-2.0018835250355136,3.4068857529301972,172827
25,Garage door [kW](t),49.89419464912063,49.84386129707174,-18870409.563551705,-2.001166635295914,3.3222241938193626,172827
25,Kitchen 12 [kW](t),85.67387693548598,85.36619046229555,-320327070134.9626,-2.0000295243579793,1.7381387884309194,172827
25,Kitchen 14 [kW](t),71.91071107433886,71.743104167478,-65185932.89614145,-2.0000384176370614,2.89408236305225,172827
25,Kitchen 38 [kW](t),47.025525795634046,47.00915246238613,-21272404772608.316,-2.0000008610653395,5.332663448314497,172827
25,Barn [kW](t),65.52629170448603,65.31810885279066,-46037.77205335339,-2.0056706756478975,2.1462190439742055,172827
25,Well [kW](t),51.99537372254606,51.81536937324488,-303829.11189356894,-2.000692138959489,2.0120673255608454,172827
25,Microwave [kW](t),80.00430433125337,79.56748759740502,-1166211.1038455022,-2.0003280930791374,1.5220844825564135,172827
25,Living room [kW](t),40.26909132224222,39.957618474231104,-364028.93085615325,-2.001599452522855,1.4607626574022226,172827
25,Solar [kW](t),81.75977008981599,80.83825914957085,-3324463.299953464,-2.001010815726086,1.1525910063765792,172827
25,temperature(t),3.3229912940824713,2.9800217220844853,0.8343010140470043,0.0691416957452942,0.11025205138989946,172827
25,humidity(t),60.38735239882373,60.35628358207688,-104243.2794121548,-2.045846758753361,5.203260795487332,172827
25,visibility(t),0.5514571231865928,0.4416753700665878,-0.2048938549721695,0.014785248003053478,1.2626450267871088,172827
25,apparentTemperature(t),3.830064511224229,3.0990160140839533,0.8323739575750536,0.07106634565132063,0.11517524279955604,172827
25,pressure(t),38.698490907387175,26.083424914380906,-36.76248333965226,0.015313796886727812,0.17276709868517318,172827
25,windSpeed(t),84.45551559566036,83.90027582157204,-364.51997536974307,-2.3788590829338037,1.8358699568369221,172827
25,windBearing(t),33.02770095673855,20.487068286235953,0.7203697696711402,0.003665068094632298,0.11076354984315136,172827
25,precipIntensity(t),50.191609410803814,50.096939225401975,-5356447745.382264,-2.000016381892685,2.5918083754195287,172827
25,dewPoint(t),6.661225105670744,5.573124042002865,-0.2950091361548579,-0.004895711881647131,0.29664414243418247,172827
25,precipProbability(t),48.95835075528911,46.673661142580556,-41827.228278529234,4.0,-2.009946631861834,172827
26,use [kW](t),60.26779638825381,60.20656350106408,-14952.733794469106,-2.0444580564280197,1.9395359597806991,172827
26,gen [kW](t),60.10346951308429,60.06341869492115,-260098.50082989194,-2.004621515787035,2.7678012395280067,172827
26,Dishwasher [kW](t),32.70383014926661,32.691622122186594,-33443.25181770698,-2.0032515024264095,2.8512537970429386,172827
26,Furnace 1 [kW](t),46.80828136967969,46.80169663872057,-121928.74240998132,-2.0061477055219936,5.523653991168514,172827
26,Furnace 2 [kW](t),42.97661467851483,42.91472376111116,-80215.24074937624,-2.010824740817845,1.621652013071398,172827
26,Home office [kW](t),61.683450076167546,61.668375169182134,-1625397.3161562025,-2.0036332223217195,4.957394877821996,172827
26,Fridge [kW](t),64.253560461973,64.10393400827714,-819897.7543086472,-2.003324331729287,1.2450933692397241,172827
26,Wine cellar [kW](t),36.68192477564875,36.58131925270218,-818832.3904822577,-2.002663992658776,1.630762167360047,172827
26,Garage door [kW](t),61.87362667821033,61.830457968047455,-112754051.01682472,-2.0008803626678477,2.3789820928689744,172827
26,Kitchen 12 [kW](t),36.76797920109956,36.74886199686914,-46792001115.3245,-2.000067813420639,3.0320734403101004,172827
26,Kitchen 14 [kW](t),94.55191893865555,94.50112904878647,-1280834.1798465564,-2.000285381512089,2.4885868722379945,172827
26,Kitchen 38 [kW](t),42.214052390620346,42.17732988744845,-19258238357879.383,-2.000000903296327,2.0263117413021527,172827
26,Barn [kW](t),70.99105146946457,70.95297160588574,-644669.2102626549,-2.0030062837765854,2.651074966852274,172827
26,Well [kW](t),69.60129073170506,69.54215076598413,-289216.29910949874,-2.0008356543383985,2.186563534534789,172827
26,Microwave [kW](t),38.19532614444147,38.15778467713766,-405494.84084965044,-2.0007345928919436,2.0591186667650634,172827
26,Living room [kW](t),59.05401483781032,59.001926919096654,-223344.15752154382,-2.0040341443571013,2.1184948903250396,172827
26,Solar [kW](t),48.032283217656605,47.97050525878989,-166113.25243522268,-2.005789928534921,1.6624003075447205,172827
26,temperature(t),2.3725090859563287,2.1126398399762554,0.40835623749242156,0.0645715492611929,0.2991029742882976,172827
26,humidity(t),56.15947180516243,56.091322237170246,-409606.96176329715,-2.046903170734202,1.6827719711482958,172827
26,visibility(t),1.6612657079672482,1.5195455808620566,-0.8707621830823109,0.12254479235764447,1.2294881149316534,172827
26,apparentTemperature(t),2.5945517773612994,2.375374191617871,0.5054840023388517,-0.07847079132428175,0.2548281641964327,172827
26,pressure(t),103.09889777136554,102.2756304846701,-77.82680247762757,0.10668584840496328,0.89792851170965,172827
26,windSpeed(t),7.66185344287181,7.112894236297304,-4.777233557393758,0.7895321779192619,4.245086131545173,172827
26,windBearing(t),24.190548352778976,18.14749638839934,0.4875380803150826,0.060055542464160054,0.08476764419133212,172827
26,precipIntensity(t),52.597923627262546,52.56286368781937,-1359323472.4635208,-2.0000309999978705,2.6286121779551257,172827
26,dewPoint(t),3.44829813395606,3.0506356356489963,0.05137939450543538,-0.06605142707067209,0.37260083020645945,172827
26,precipProbability(t),48.95835075528911,46.673661142580556,-41827.228278529234,4.0,-2.009946631861834,172827
27,use [kW](t),64.90160034382491,63.441375598166324,-12126.498361335814,-2.0597779138553474,1.2976151171320645,172827
27,gen [kW](t),74.5011751103979,74.101939604584,-652054.0410788174,-2.002559158688697,2.7840845949798965,172827
27,Dishwasher [kW](t),63.090585596049266,61.83756026206463,-92525.34507866214,-2.0024867841748675,1.322862600065887,172827
27,Furnace 1 [kW](t),37.39020276081337,37.34682193572215,-33639.65744672976,-2.0185774441884115,4.664090885529338,172827
27,Furnace 2 [kW](t),46.309827539763866,46.187579562244764,-47948.29032109395,-2.015336572423273,3.5640116582215113,172827
27,Home office [kW](t),55.531293503721244,54.1663192335465,-267650.64607899706,-2.005717352436687,1.380072259586951,172827
27,Fridge [kW](t),76.52674340455754,76.47756993095338,-877154.4947807199,-2.0030866406720156,7.160018810342853,172827
27,Wine cellar [kW](t),54.21145280798705,53.95865707344866,-254446.58660984304,-2.002613966627493,2.514204595154023,172827
27,Garage door [kW](t),68.54275113519866,68.02957870592627,-85114460.418957,-2.000814929056328,1.9597725714709935,172827
27,Kitchen 12 [kW](t),47.951401207613024,47.89438500039419,-858729.8767107893,-2.0013565668857387,3.617851888313954,172827
27,Kitchen 14 [kW](t),48.8934600917326,48.69457159192439,-1740332.1645721728,-2.000361390340045,2.684631730764324,172827
27,Kitchen 38 [kW](t),45.93706571589462,44.09996515583704,-20924470323753.574,-2.0000009841553306,0.9980287568031522,172827
27,Barn [kW](t),113.24177109274669,108.77862960471865,-710153918.6864848,-2.0012232242390597,1.0072073151043037,172827
27,Well [kW](t),41.88070554878883,41.70584159247197,-65624.53484613221,-2.0022517417798706,2.41105671301222,172827
27,Microwave [kW](t),49.17119115692196,48.9581714864048,-178869.37112305168,-2.0011239390463786,2.123655509751674,172827
27,Living room [kW](t),52.63599012442244,52.55604754889234,-261137.18760867644,-2.0032802085090786,3.9492645386650547,172827
27,Solar [kW](t),97.78445193719041,96.8276420230687,-1123303.821156258,-2.0019579293230128,2.2472596249369197,172827
27,temperature(t),2.290476588227553,2.1790338633785664,0.7812454281657671,0.04272749666479815,0.1469482934753793,172827
27,humidity(t),37.574095795561526,37.55290686696472,-70462.27520702838,-2.076416602497642,5.813015703822248,172827
27,visibility(t),1.2065730240420935,0.5842183474091366,0.6042708215757913,-0.053353801874034004,0.2164180170959054,172827
27,apparentTemperature(t),1.6194520115281428,1.2710073075948605,0.8428397760861276,0.014273768987091814,0.10661445094063006,172827
27,pressure(t),86.15793192877534,79.28945459566819,-349.99040832863875,0.08113298939028118,0.6251030936597702,172827
27,windSpeed(t),3.5216686417573015,2.7348325471991815,0.15975366762771703,0.3302692856505061,0.6024851986930222,172827
27,windBearing(t),33.984928185246076,18.738808554162087,0.8741901579409114,-0.009431639624199632,0.11033758200493711,172827
27,precipIntensity(t),53.72927944705947,53.67177434693596,-1082931515.9324646,-2.0000335896038353,4.026913998518429,172827
27,dewPoint(t),4.132760744269287,3.6736903792394564,-0.06027840358437997,-0.0809578069288887,0.3622119348252037,172827
27,precipProbability(t),48.95835075528911,46.673661142580556,-41827.228278529234,4.0,-2.009946631861834,172827
28,use [kW](t),77.6134347873863,77.09033351360205,-26710.82598441619,-2.040219355615822,2.036483554596234,172827
28,gen [kW](t),46.26783993626138,45.42986745861968,-499458.18603744655,-2.002411838024587,1.2395962179645352,172827
28,Dishwasher [kW](t),37.96894511022466,37.607543032218636,-41896.27055972331,-2.003159399167982,1.6630690643563146,172827
28,Furnace 1 [kW](t),70.81007204503084,69.38909263465796,-146550.62471841657,-2.0075357252490313,1.2859512002718823,172827
28,Furnace 2 [kW](t),51.057128640224114,50.26763142072817,-58526.81217916535,-2.0143958913091513,1.5663302207511922,172827
28,Home office [kW](t),47.46511111578261,46.74660415356561,-145829.48426243948,-2.007590074555315,1.5675514155881176,172827
28,Fridge [kW](t),96.68744537152128,95.25037238925644,-2293127.388702799,-2.0020489864967455,1.5321789603607148,172827
28,Wine cellar [kW](t),46.98553225653006,46.808049742886695,-1408835.7089873191,-2.0020290849408604,3.588158664648749,172827
28,Garage door [kW](t),78.59813177476711,78.18208146272889,-2098734515.226951,-2.0006701089597154,2.0333383192321475,172827
28,Kitchen 12 [kW](t),53.35787844074073,53.21824465526137,-65197508.37388991,-2.0000975811235153,3.6521876355379974,172827
28,Kitchen 14 [kW](t),60.83835279642873,60.42426407514595,-964582.048377806,-2.0003672196824285,2.511826710998979,172827
28,Kitchen 38 [kW](t),46.928195985342334,46.821322043627895,-25876061286919.875,-2.0000007145308456,3.9052603502818903,172827
28,Barn [kW](t),27.96531797639795,27.61397817873611,-533278.4132620286,-2.0057489450423067,1.5358729213730502,172827
28,Well [kW](t),98.44645063769259,97.0186223679774,-826729.1227950748,-2.000404304108952,1.514929745859739,172827
28,Microwave [kW](t),41.23787528469427,40.82899899407288,-133858.80525111532,-2.001161438359277,1.755075565236073,172827
28,Living room [kW](t),49.13047038471006,48.864312468197774,-345298.5301696002,-2.002646602047426,2.6076904631851927,172827
28,Solar [kW](t),50.36562160025815,49.81245585084325,-591846.6842724535,-2.0021994069153597,1.3738090557437073,172827
28,temperature(t),3.5563004249956136,2.535552447567403,0.8822209445701406,-0.025837694605607087,0.11785833876705376,172827
28,humidity(t),47.79684264322376,47.607378885257795,-48309.8610429212,-2.057614737365406,3.1803311335730746,172827
28,visibility(t),71.27617192048453,69.30172204292555,-512.8536795166622,-2.5513794672467167,1.0867329238381345,172827
28,apparentTemperature(t),70.89901070542939,67.96948406757939,-25.27920993303851,-3.3515571705055436,2.789446526564722,172827
28,pressure(t),82.39709245153612,66.27852610411749,-94.30931523783833,0.0626180445387932,0.41867859566692633,172827
28,windSpeed(t),4.154891951636478,2.9705648531354445,0.44936731233340643,0.413043943728507,0.39677062261375184,172827
28,windBearing(t),17.11829648216172,13.458329718345203,0.9476641468555578,-0.023388846534143682,0.05883568275743719,172827
28,precipIntensity(t),56.11764044206503,55.78725676213714,-16634172.748215817,-2.0004483669203648,2.6062846646558278,172827
28,dewPoint(t),7.700227940591571,5.7818136815474945,0.7706450047583139,-0.26553948852547304,0.23100140121119547,172827
28,precipProbability(t),48.95835075528911,46.673661142580556,-41827.228278529234,4.0,-2.009946631861834,172827
29,use [kW](t),0.5830047706734086,0.4462592454200264,0.12867442392206418,-0.08248422289889375,0.5819507031828118,172827
29,gen [kW](t),58.76820831418006,58.60057483887041,-966347.6797938622,-2.0021317606324303,3.2049606810945273,172827
29,Dishwasher [kW](t),61.694261053046084,61.137015251289114,-107691.59714423168,-2.001927335601727,1.4914010996191367,172827
29,Furnace 1 [kW](t),46.35034069670986,46.14540394737388,-50214.89348130636,-2.0159672459099562,2.3429902069829067,172827
29,Furnace 2 [kW](t),32.45007185120572,32.35433705024014,-18103.005215207257,-2.028409653629147,2.4564141375665094,172827
29,Home office [kW](t),37.88751409126754,37.85133812679086,-27887120.543591376,-2.004404360282185,5.2186259281524805,172827
29,Fridge [kW](t),36.06248639460114,34.697403278636415,-221103.93270207147,-2.0059401184141823,0.7654857421449537,172827
29,Wine cellar [kW](t),54.55471899108365,54.260758383225756,-2365170.6801454136,-2.001727375816577,1.849644491131323,172827
29,Garage door [kW](t),56.9666870707629,56.72232335833095,-33974366.80281419,-2.0009933197963887,2.326611963056776,172827
29,Kitchen 12 [kW](t),44.78242092525575,44.590733653742205,-68185590928.509346,-2.0000523202211316,2.217097989055296,172827
29,Kitchen 14 [kW](t),70.78390494247797,70.5872018742899,-1937714.9848041642,-2.0003147157889174,3.2692026841410353,172827
29,Kitchen 38 [kW](t),62.85240785863872,62.83248941194251,-40720541406092.99,-2.0000005598149073,7.274732504662498,172827
29,Barn [kW](t),39.6327113825956,38.79619681796674,-18672225.114634253,-2.003383800358896,1.125473352799817,172827
29,Well [kW](t),29.308267382664155,29.09680417560038,-54042.594877763295,-2.0021483922093988,1.6991921347283068,172827
29,Microwave [kW](t),27.510216319563703,27.20417950611292,-83052.7012054244,-2.001361810799858,1.384577058713891,172827
29,Living room [kW](t),54.60647445502156,54.51587433229214,-197221.96672556666,-2.0044308684042265,3.6206679339100463,172827
29,Solar [kW](t),45.770950591974014,45.706547902466376,-586176.0636934636,-2.0027339621556943,4.23424948820655,172827
29,temperature(t),1.6710510559472376,1.2417927740866812,0.9365700456449014,0.021961709918122477,0.07078358037526218,172827
29,humidity(t),32.589573195281055,32.285772155094335,-73560.26410709936,-2.093289491957822,1.7839543350763447,172827
29,visibility(t),1.858876929573752,1.5297931716266728,0.30109685000832775,0.07333334392096451,0.38815589518309934,172827
29,apparentTemperature(t),2.6398704315546313,1.8866328143504696,0.8840608472517051,0.018345691820136924,0.10274177188099141,172827
29,pressure(t),66.07367801030595,62.78078775879876,-65.5932890873491,0.06421461471485736,0.5453125188373795,172827
29,windSpeed(t),2.3975533987449875,1.837703386158877,0.5703361751715321,0.17905655961744776,0.2192067552755686,172827
29,windBearing(t),36.157542910048605,29.161120610019086,0.7660944299473962,0.121962798522309,0.13270490576852165,172827
29,precipIntensity(t),61.49959667990177,61.28821235531149,-43084987.88676867,-2.000199202590043,2.1576688934804347,172827
29,dewPoint(t),3.601634678391137,2.900669836571392,0.735677501431001,0.052427261886808504,0.1296702768815424,172827
29,precipProbability(t),48.95835075528911,46.673661142580556,-41827.228278529234,4.0,-2.009946631861834,172827
